Date,Open,High,Low,Close,Volume
2013-07-10 00:00:00.000000,0.0,0.0,0.0,0.0,0.0
2015-08-07 00:00:00.000000,0.7812,27.79,0.7809,2.773,148608.32
2015-08-08 00:00:00.000000,2.773,2.581,0.5958,0.8076,583543.48
2015-08-09 00:00:00.000000,0.8076,0.9581,0.6043,0.7428,547528.03
2015-08-10 00:00:00.000000,0.7428,0.7628,0.599,0.6846,401107.09
2015-08-11 00:00:00.000000,0.6846,1.165,0.6548,1.059,1567648.93
2015-08-12 00:00:00.000000,1.059,1.294,0.8118,1.252,2255077.13
2015-08-13 00:00:00.000000,1.252,2.013,1.102,1.781,4144356.12
2015-08-14 00:00:00.000000,1.781,2.319,1.721,1.801,4020953.98
2015-08-15 00:00:00.000000,1.801,1.856,1.499,1.656,2351072.72
2015-08-16 00:00:00.000000,1.656,1.701,1.069,1.437,3453189.72
2015-08-17 00:00:00.000000,1.437,1.594,1.144,1.195,1639187.47
2015-08-18 00:00:00.000000,1.195,1.317,1.054,1.271,1714282.29
2015-08-19 00:00:00.000000,1.271,1.287,1.13,1.263,1478394.44
2015-08-20 00:00:00.000000,1.263,1.537,1.235,1.481,2895320.75
2015-08-21 00:00:00.000000,1.481,1.573,1.334,1.438,1917846.87
2015-08-22 00:00:00.000000,1.438,1.519,1.342,1.387,888366.17
2015-08-23 00:00:00.000000,1.387,1.427,1.257,1.347,1556560.45
2015-08-24 00:00:00.000000,1.347,1.296,1.177,1.244,851816.91
2015-08-25 00:00:00.000000,1.244,1.312,1.106,1.166,1170023.4
2015-08-26 00:00:00.000000,1.166,1.205,1.075,1.158,1051584.59
2015-08-27 00:00:00.000000,1.158,1.166,1.112,1.132,616517.4
2015-08-28 00:00:00.000000,1.132,1.207,1.153,1.186,656425.39
2015-08-29 00:00:00.000000,1.186,1.188,1.145,1.18,361576.11
2015-08-30 00:00:00.000000,1.18,1.375,1.161,1.327,1267478.81
2015-08-31 00:00:00.000000,1.327,1.433,1.203,1.351,1381385.03
2015-09-01 00:00:00.000000,1.351,1.39,1.322,1.35,707880.94
2015-09-02 00:00:00.000000,1.35,1.366,1.257,1.288,831454.09
2015-09-03 00:00:00.000000,1.288,1.305,1.187,1.259,676985.2
2015-09-04 00:00:00.000000,1.259,1.322,1.243,1.273,442125.72
2015-09-05 00:00:00.000000,1.273,1.342,1.283,1.32,389116.74
2015-09-06 00:00:00.000000,1.32,1.371,1.288,1.301,444520.12
2015-09-07 00:00:00.000000,1.301,1.311,1.226,1.242,439336.86
2015-09-08 00:00:00.000000,1.242,1.277,1.224,1.23,360461.25
2015-09-09 00:00:00.000000,1.23,1.256,1.184,1.207,348624.61
2015-09-10 00:00:00.000000,1.207,1.216,1.121,1.162,585350.51
2015-09-11 00:00:00.000000,1.162,1.18,0.9097,0.9754,1798821.7
2015-09-12 00:00:00.000000,0.9754,1.109,0.9516,1.041,734047.02
2015-09-13 00:00:00.000000,1.041,1.029,0.8938,0.9378,606998.31
2015-09-14 00:00:00.000000,0.9378,0.9564,0.8612,0.8743,674159.56
2015-09-15 00:00:00.000000,0.8743,0.9982,0.861,0.9436,673968.85
2015-09-16 00:00:00.000000,0.9436,0.9473,0.8959,0.903,572627.81
2015-09-17 00:00:00.000000,0.903,0.9248,0.821,0.8853,855838.66
2015-09-18 00:00:00.000000,0.8853,0.8924,0.8257,0.8501,450401.13
2015-09-19 00:00:00.000000,0.8501,0.917,0.8295,0.8882,370971.61
2015-09-20 00:00:00.000000,0.8882,0.9454,0.8714,0.9403,471449.89
2015-09-21 00:00:00.000000,0.9403,0.9474,0.8734,0.9019,402175.22
2015-09-22 00:00:00.000000,0.9019,0.9401,0.8398,0.8963,447659.9
2015-09-23 00:00:00.000000,0.8963,0.9065,0.8782,0.895,192752.01
2015-09-24 00:00:00.000000,0.895,0.9245,0.7127,0.8142,769476.86
2015-09-25 00:00:00.000000,0.8142,0.8301,0.6595,0.7408,838281.87
2015-09-26 00:00:00.000000,0.7408,0.7884,0.6975,0.779,365596.54
2015-09-27 00:00:00.000000,0.779,0.7884,0.7131,0.7219,393159.42
2015-09-28 00:00:00.000000,0.7219,0.7479,0.5506,0.5879,1178655.8
2015-09-29 00:00:00.000000,0.6,0.6816,0.5,0.6816,11590.73
2015-09-30 00:00:00.000000,0.6607,0.7557,0.6259,0.7177,597290.48
2015-10-01 00:00:00.000000,0.7177,0.7436,0.6166,0.6818,568748.8
2015-10-02 00:00:00.000000,0.6818,0.6926,0.6472,0.6758,200108.14
2015-10-03 00:00:00.000000,0.6758,0.7134,0.6745,0.6866,156657.69
2015-10-04 00:00:00.000000,0.6866,0.6954,0.6602,0.6661,101882.7
2015-10-05 00:00:00.000000,0.6661,0.6883,0.6189,0.6287,208300.12
2015-10-06 00:00:00.000000,0.6287,0.6587,0.6016,0.6555,252874.0
2015-10-07 00:00:00.000000,0.6555,0.659,0.5955,0.6116,195257.75
2015-10-08 00:00:00.000000,0.6116,0.6419,0.5851,0.6205,293956.64
2015-10-09 00:00:00.000000,0.6205,0.6955,0.6238,0.6489,358918.05
2015-10-10 00:00:00.000000,0.6489,0.6602,0.6254,0.6269,138440.68
2015-10-11 00:00:00.000000,0.6269,0.6483,0.6238,0.6342,84920.09
2015-10-12 00:00:00.000000,0.6342,0.6556,0.6227,0.6274,105117.03
2015-10-13 00:00:00.000000,0.6274,0.6414,0.5961,0.6033,270609.39
2015-10-14 00:00:00.000000,0.6033,0.6228,0.4767,0.5112,868163.67
2015-10-15 00:00:00.000000,0.5112,0.5781,0.5137,0.559,375497.73
2015-10-16 00:00:00.000000,0.559,0.5915,0.5228,0.5318,234234.88
2015-10-17 00:00:00.000000,0.5318,0.5726,0.523,0.5472,279667.3
2015-10-18 00:00:00.000000,0.5472,0.5396,0.5084,0.5173,127754.19
2015-10-19 00:00:00.000000,0.5173,0.5255,0.4796,0.4891,230187.76
2015-10-20 00:00:00.000000,0.4891,0.5152,0.4286,0.4356,328014.51
2015-10-21 00:00:00.000000,0.4356,0.4912,0.4156,0.4405,546179.45
2015-10-22 00:00:00.000000,0.4405,0.6438,0.4254,0.5875,953444.19
2015-10-23 00:00:00.000000,0.5875,0.6377,0.5009,0.5198,804988.1
2015-10-24 00:00:00.000000,0.5198,0.5886,0.5244,0.5739,255956.81
2015-10-25 00:00:00.000000,0.5739,0.6851,0.5622,0.6511,589347.28
2015-10-26 00:00:00.000000,0.6511,0.8115,0.5988,0.7417,1090536.45
2015-10-27 00:00:00.000000,0.7417,0.9149,0.7193,0.8692,1639901.14
2015-10-28 00:00:00.000000,0.8692,1.107,0.8041,1.008,2034359.84
2015-10-29 00:00:00.000000,1.008,1.234,0.9622,1.164,1861274.46
2015-10-30 00:00:00.000000,1.164,1.343,0.9365,1.039,1993468.61
2015-10-31 00:00:00.000000,1.039,1.012,0.8743,0.8929,484263.49
2015-11-01 00:00:00.000000,0.8929,1.072,0.8968,1.05,489947.65
2015-11-02 00:00:00.000000,1.05,1.206,0.9377,0.9639,968453.71
2015-11-03 00:00:00.000000,0.9639,1.159,0.8826,0.9956,1814080.24
2015-11-04 00:00:00.000000,0.9956,1.024,0.5741,0.8679,3081006.72
2015-11-05 00:00:00.000000,0.8679,0.9847,0.7884,0.8898,1151192.74
2015-11-06 00:00:00.000000,0.8898,0.9855,0.8276,0.9168,862513.6
2015-11-07 00:00:00.000000,0.9168,0.962,0.8484,0.9165,846754.5
2015-11-08 00:00:00.000000,0.9165,1.027,0.8784,1.019,955965.71
2015-11-09 00:00:00.000000,1.019,1.154,0.9251,1.001,1879282.68
2015-11-10 00:00:00.000000,1.001,0.9582,0.8629,0.9232,793736.27
2015-11-11 00:00:00.000000,0.9232,0.8584,0.6914,0.7798,1132141.78
2015-11-12 00:00:00.000000,0.7798,0.9274,0.7889,0.8924,772336.1
2015-11-13 00:00:00.000000,0.8924,0.9139,0.8454,0.8922,363230.68
2015-11-14 00:00:00.000000,0.8922,0.9154,0.8679,0.8855,185949.43
2015-11-15 00:00:00.000000,0.8855,0.9136,0.8431,0.9006,221301.5
2015-11-16 00:00:00.000000,0.9006,0.9721,0.8856,0.9375,472133.7
2015-11-17 00:00:00.000000,0.9375,1.035,0.8976,0.9951,1043795.66
2015-11-18 00:00:00.000000,0.9951,1.024,0.951,0.9943,585320.1
2015-11-19 00:00:00.000000,0.9943,0.9847,0.9236,0.9502,293621.58
2015-11-20 00:00:00.000000,0.9502,0.9512,0.8969,0.93,585286.64
2015-11-21 00:00:00.000000,0.93,0.9871,0.9247,0.9712,427252.43
2015-11-22 00:00:00.000000,0.9712,0.9874,0.9512,0.9616,341683.35
2015-11-23 00:00:00.000000,0.9616,0.9728,0.9132,0.9425,407176.18
2015-11-24 00:00:00.000000,0.9425,0.9442,0.8974,0.9098,395106.48
2015-11-25 00:00:00.000000,0.9098,0.941,0.8516,0.863,668857.32
2015-11-26 00:00:00.000000,0.863,0.9487,0.8051,0.8826,897660.25
2015-11-27 00:00:00.000000,0.8826,0.9063,0.8495,0.8679,376499.19
2015-11-28 00:00:00.000000,0.8679,0.9383,0.8579,0.9148,444549.26
2015-11-29 00:00:00.000000,0.9148,0.9564,0.8629,0.8692,419928.08
2015-11-30 00:00:00.000000,0.8692,0.9207,0.8383,0.875,750817.95
2015-12-01 00:00:00.000000,0.875,0.8976,0.7779,0.8719,603969.71
2015-12-02 00:00:00.000000,0.8719,0.8974,0.7837,0.8254,468575.3
2015-12-03 00:00:00.000000,0.8254,0.832,0.7678,0.8226,506297.61
2015-12-04 00:00:00.000000,0.8226,0.8622,0.7968,0.8412,230422.36
2015-12-05 00:00:00.000000,0.8412,0.9079,0.843,0.8519,210667.59
2015-12-06 00:00:00.000000,0.8519,0.8808,0.8202,0.8363,421616.49
2015-12-07 00:00:00.000000,0.8363,0.8623,0.7755,0.7957,478495.03
2015-12-08 00:00:00.000000,0.7957,0.8505,0.8004,0.8283,414207.11
2015-12-09 00:00:00.000000,0.8283,0.8428,0.7555,0.7896,596773.35
2015-12-10 00:00:00.000000,0.7896,0.8688,0.7824,0.8426,346161.78
2015-12-11 00:00:00.000000,0.8426,0.9617,0.8385,0.9069,645314.02
2015-12-12 00:00:00.000000,0.9069,1.039,0.8412,0.9709,1088584.84
2015-12-13 00:00:00.000000,0.9709,0.9985,0.9202,0.9554,232479.01
2015-12-14 00:00:00.000000,0.9554,1.022,0.9605,0.9888,484072.01
2015-12-15 00:00:00.000000,0.9888,1.052,0.9947,1.013,524192.85
2015-12-16 00:00:00.000000,1.013,1.009,0.9729,0.9897,291604.04
2015-12-17 00:00:00.000000,0.9897,1.0,0.9033,0.9361,547675.56
2015-12-18 00:00:00.000000,0.9361,0.9569,0.9027,0.9148,281536.63
2015-12-19 00:00:00.000000,0.9148,0.9159,0.8749,0.9003,310892.24
2015-12-20 00:00:00.000000,0.9003,0.96,0.8615,0.903,442531.53
2015-12-21 00:00:00.000000,0.903,0.9303,0.8686,0.8918,476974.49
2015-12-22 00:00:00.000000,0.8918,0.9103,0.8557,0.8671,377170.41
2015-12-23 00:00:00.000000,0.8671,0.8862,0.8477,0.8508,314718.83
2015-12-24 00:00:00.000000,0.8508,0.8815,0.843,0.8548,309030.2
2015-12-25 00:00:00.000000,0.8548,0.875,0.8559,0.8659,133734.84
2015-12-26 00:00:00.000000,0.8659,0.8706,0.7913,0.8511,321865.78
2015-12-27 00:00:00.000000,0.8511,0.8748,0.8469,0.8511,61927.78
2015-12-28 00:00:00.000000,0.8511,0.8633,0.8283,0.8418,132413.33
2015-12-29 00:00:00.000000,0.8418,0.8733,0.8474,0.8686,192483.64
2015-12-30 00:00:00.000000,0.8686,0.9436,0.8517,0.9038,551776.13
2015-12-31 00:00:00.000000,0.9038,0.994,0.9012,0.9296,629543.8
2016-01-01 00:00:00.000000,0.9296,0.9561,0.9279,0.9339,173269.55
2016-01-02 00:00:00.000000,0.9339,0.965,0.9308,0.9316,241125.32
2016-01-03 00:00:00.000000,0.9316,0.9915,0.9239,0.9695,382621.05
2016-01-04 00:00:00.000000,0.9695,0.9793,0.9152,0.9516,296494.54
2016-01-05 00:00:00.000000,0.9516,0.9668,0.9348,0.9504,196824.83
2016-01-06 00:00:00.000000,0.9504,0.9728,0.934,0.9551,294332.58
2016-01-07 00:00:00.000000,0.9551,1.036,0.9406,0.9493,580132.62
2016-01-08 00:00:00.000000,0.9493,0.9959,0.9243,0.9854,498661.92
2016-01-09 00:00:00.000000,0.9854,0.9984,0.9688,0.9849,202302.4
2016-01-10 00:00:00.000000,0.9849,1.012,0.9749,0.9941,356889.34
2016-01-11 00:00:00.000000,0.9941,1.07,0.9935,1.045,889724.43
2016-01-12 00:00:00.000000,1.045,1.294,1.039,1.151,2737078.69
2016-01-13 00:00:00.000000,1.151,1.166,1.073,1.131,929599.59
2016-01-14 00:00:00.000000,1.131,1.168,1.092,1.163,689331.54
2016-01-15 00:00:00.000000,1.163,1.28,1.004,1.217,3806281.0
2016-01-16 00:00:00.000000,1.217,1.374,1.197,1.217,2224121.0
2016-01-17 00:00:00.000000,1.217,1.31,1.189,1.307,1106906.71
2016-01-18 00:00:00.000000,1.307,1.539,1.293,1.397,3996168.02
2016-01-19 00:00:00.000000,1.397,1.447,1.178,1.365,2377171.01
2016-01-20 00:00:00.000000,1.365,1.641,1.456,1.527,2591060.93
2016-01-21 00:00:00.000000,1.527,1.559,1.403,1.554,1530213.89
2016-01-22 00:00:00.000000,1.554,1.508,1.42,1.488,1425225.7
2016-01-23 00:00:00.000000,1.488,2.052,1.511,2.014,7300350.96
2016-01-24 00:00:00.000000,2.014,2.331,1.956,2.118,8857393.07
2016-01-25 00:00:00.000000,2.118,2.69,2.02,2.47,10244900.14
2016-01-26 00:00:00.000000,2.47,2.849,1.912,2.173,11560558.87
2016-01-27 00:00:00.000000,2.173,2.629,2.066,2.407,6885749.64
2016-01-28 00:00:00.000000,2.407,2.665,2.233,2.518,4869375.72
2016-01-29 00:00:00.000000,2.518,2.692,2.264,2.487,6285218.84
2016-01-30 00:00:00.000000,2.487,2.606,2.388,2.428,3604695.21
2016-01-31 00:00:00.000000,2.428,2.476,2.129,2.345,5571417.72
2016-02-01 00:00:00.000000,2.345,2.37,2.094,2.219,3666933.15
2016-02-02 00:00:00.000000,2.219,2.447,2.14,2.409,3409443.46
2016-02-03 00:00:00.000000,2.409,2.528,2.3,2.509,3819356.01
2016-02-04 00:00:00.000000,2.509,2.698,2.507,2.578,3378608.46
2016-02-05 00:00:00.000000,2.578,2.614,2.417,2.534,2520175.54
2016-02-06 00:00:00.000000,2.534,2.558,2.455,2.53,1873178.49
2016-02-07 00:00:00.000000,2.53,3.096,2.534,2.955,6544614.03
2016-02-08 00:00:00.000000,2.955,3.251,2.833,3.199,8983856.83
2016-02-09 00:00:00.000000,3.199,3.751,3.161,3.719,14792304.3
2016-02-10 00:00:00.000000,3.719,4.942,3.657,4.453,28754750.82
2016-02-11 00:00:00.000000,4.453,6.432,4.292,5.984,26592326.12
2016-02-12 00:00:00.000000,5.984,6.736,5.05,5.503,19320770.58
2016-02-13 00:00:00.000000,5.503,5.906,4.119,5.227,22273411.63
2016-02-14 00:00:00.000000,5.227,5.632,4.46,5.126,10870035.31
2016-02-15 00:00:00.000000,5.126,5.844,4.957,5.27,12842928.88
2016-02-16 00:00:00.000000,5.27,5.552,3.922,4.337,14154031.42
2016-02-17 00:00:00.000000,4.337,4.964,3.438,3.7,13717648.63
2016-02-18 00:00:00.000000,3.7,5.006,3.41,4.328,15945519.65
2016-02-19 00:00:00.000000,4.328,4.796,4.221,4.485,6734155.15
2016-02-20 00:00:00.000000,4.485,5.008,4.135,4.293,8218685.86
2016-02-21 00:00:00.000000,4.293,4.716,4.212,4.69,6070378.98
2016-02-22 00:00:00.000000,4.69,5.674,4.632,5.643,13899655.09
2016-02-23 00:00:00.000000,5.643,5.816,5.266,5.601,12521231.65
2016-02-24 00:00:00.000000,5.601,6.252,5.47,6.142,10654705.79
2016-02-25 00:00:00.000000,6.142,6.674,5.052,5.933,19385744.64
2016-02-26 00:00:00.000000,5.933,6.307,5.705,5.935,8838047.81
2016-02-27 00:00:00.000000,5.935,6.539,5.887,6.349,8279785.83
2016-02-28 00:00:00.000000,6.349,6.729,6.323,6.439,9221924.97
2016-02-29 00:00:00.000000,6.439,6.622,6.024,6.299,6939787.77
2016-03-01 00:00:00.000000,6.299,7.991,6.211,7.626,21498912.47
2016-03-02 00:00:00.000000,7.626,8.728,7.129,8.409,27760331.09
2016-03-03 00:00:00.000000,8.409,10.01,8.202,9.482,37461689.49
2016-03-04 00:00:00.000000,9.482,10.21,8.136,10.05,32813112.23
2016-03-05 00:00:00.000000,10.05,12.35,9.369,11.07,50105075.21
2016-03-06 00:00:00.000000,11.07,12.17,9.321,11.11,38248114.5
2016-03-07 00:00:00.000000,11.11,11.97,9.227,9.438,29008085.54
2016-03-08 00:00:00.000000,9.438,10.2,8.72,9.725,23488411.64
2016-03-09 00:00:00.000000,9.725,12.12,9.588,11.9,25378854.26
2016-03-10 00:00:00.000000,11.9,12.38,10.86,11.18,23850202.83
2016-03-11 00:00:00.000000,11.18,11.57,10.28,11.21,19525768.58
2016-03-12 00:00:00.000000,11.21,13.69,10.76,13.37,45017536.09
2016-03-13 00:00:00.000000,13.37,15.33,13.31,14.96,37201013.82
2016-03-14 00:00:00.000000,14.96,15.4,11.24,12.52,50165963.14
2016-03-15 00:00:00.000000,12.52,13.21,11.75,12.89,28056240.95
2016-03-16 00:00:00.000000,12.89,13.79,12.63,12.84,21009374.94
2016-03-17 00:00:00.000000,12.84,12.94,10.29,10.98,37096164.34
2016-03-18 00:00:00.000000,10.98,10.96,8.339,10.72,49915591.12
2016-03-19 00:00:00.000000,10.72,11.23,9.747,10.44,24605328.38
2016-03-20 00:00:00.000000,10.44,10.93,9.473,10.13,15885037.42
2016-03-21 00:00:00.000000,10.13,12.01,10.07,11.89,26264925.29
2016-03-22 00:00:00.000000,11.89,12.05,11.06,11.25,17112657.51
2016-03-23 00:00:00.000000,11.25,12.4,11.18,12.38,16479410.25
2016-03-24 00:00:00.000000,12.38,12.43,10.72,11.12,20897617.19
2016-03-25 00:00:00.000000,11.12,11.42,10.43,10.63,12186360.96
2016-03-26 00:00:00.000000,10.63,11.22,10.55,11.03,8604719.37
2016-03-27 00:00:00.000000,11.03,11.31,9.986,10.35,15327139.62
2016-03-28 00:00:00.000000,10.35,11.88,10.26,11.66,20721344.1
2016-03-29 00:00:00.000000,11.66,11.96,11.03,11.74,15834772.52
2016-03-30 00:00:00.000000,11.74,12.13,11.35,11.8,15376255.02
2016-03-31 00:00:00.000000,11.8,12.06,11.17,11.34,10997306.52
2016-04-01 00:00:00.000000,11.34,11.85,11.33,11.62,11351944.06
2016-04-02 00:00:00.000000,11.62,11.7,11.31,11.53,8029594.39
2016-04-03 00:00:00.000000,11.53,11.69,11.41,11.53,4877670.35
2016-04-04 00:00:00.000000,11.53,11.59,10.99,11.12,7763634.69
2016-04-05 00:00:00.000000,11.12,11.26,10.05,10.35,16620015.46
2016-04-06 00:00:00.000000,10.35,10.9,10.18,10.72,13147215.3
2016-04-07 00:00:00.000000,10.72,10.8,9.852,10.03,10353788.7
2016-04-08 00:00:00.000000,10.03,10.26,9.436,9.72,12174475.84
2016-04-09 00:00:00.000000,9.72,10.12,8.917,9.164,13916727.44
2016-04-10 00:00:00.000000,9.156,9.199,7.352,8.803,1608160.22
2016-04-11 00:00:00.000000,8.8,8.985,7.957,8.656,13592921.38
2016-04-12 00:00:00.000000,8.656,8.72,7.114,7.509,20388044.33
2016-04-13 00:00:00.000000,7.509,8.715,6.991,8.004,27755069.0
2016-04-14 00:00:00.000000,8.004,8.841,7.972,8.396,11844445.8
2016-04-15 00:00:00.000000,8.396,8.895,8.029,8.235,10913974.35
2016-04-16 00:00:00.000000,8.235,8.666,8.046,8.575,8692831.3
2016-04-17 00:00:00.000000,8.575,9.706,8.436,9.378,21329659.31
2016-04-18 00:00:00.000000,9.378,9.516,8.46,8.913,19313038.76
2016-04-19 00:00:00.000000,8.913,9.46,8.59,8.659,10781081.15
2016-04-20 00:00:00.000000,8.659,8.973,8.228,8.55,13742490.17
2016-04-21 00:00:00.000000,8.55,8.928,7.917,8.061,11334314.38
2016-04-22 00:00:00.000000,8.061,8.322,7.619,7.797,12004680.07
2016-04-23 00:00:00.000000,7.797,8.682,7.75,8.358,13401065.23
2016-04-24 00:00:00.000000,8.358,8.584,7.911,7.952,9385296.45
2016-04-25 00:00:00.000000,7.952,8.186,7.18,7.402,15521071.53
2016-04-26 00:00:00.000000,7.402,7.642,7.046,7.381,16499793.66
2016-04-27 00:00:00.000000,7.381,7.89,7.0,7.738,18059388.05
2016-04-28 00:00:00.000000,7.738,8.14,7.216,7.243,9881631.99
2016-04-29 00:00:00.000000,7.243,7.953,7.211,7.48,7961111.75
2016-04-30 00:00:00.000000,7.515,9.492,7.46,8.832,1391614.2
2016-05-01 00:00:00.000000,8.939,9.095,8.434,8.819,15368912.78
2016-05-02 00:00:00.000000,8.819,10.46,8.635,10.15,37026967.16
2016-05-03 00:00:00.000000,10.15,10.34,9.258,9.271,18097522.45
2016-05-04 00:00:00.000000,9.271,10.02,9.103,9.366,16166238.2
2016-05-05 00:00:00.000000,9.366,10.13,9.248,9.835,16189174.88
2016-05-06 00:00:00.000000,9.835,10.26,8.952,9.237,18519753.36
2016-05-07 00:00:00.000000,9.237,9.545,9.137,9.33,9609532.82
2016-05-08 00:00:00.000000,9.33,9.684,8.864,9.496,13754659.31
2016-05-09 00:00:00.000000,9.496,9.784,9.094,9.333,11045636.62
2016-05-10 00:00:00.000000,9.333,9.464,8.983,9.311,8125138.07
2016-05-11 00:00:00.000000,9.311,10.04,9.367,9.978,13431783.19
2016-05-12 00:00:00.000000,9.978,10.62,9.875,10.13,20477283.62
2016-05-13 00:00:00.000000,10.13,11.14,10.01,10.49,25243905.67
2016-05-14 00:00:00.000000,10.49,10.67,9.718,10.22,16026861.5
2016-05-15 00:00:00.000000,10.22,10.52,9.868,9.973,7934914.77
2016-05-16 00:00:00.000000,9.973,11.66,9.884,11.11,24545516.49
2016-05-17 00:00:00.000000,11.04,12.6,11.03,12.26,2752386.7
2016-05-18 00:00:00.000000,12.26,14.35,12.11,13.29,3335939.49
2016-05-19 00:00:00.000000,13.3,14.75,12.89,14.74,46939775.71
2016-05-20 00:00:00.000000,14.74,15.08,13.28,13.73,41980143.15
2016-05-21 00:00:00.000000,13.73,14.12,13.1,14.01,21125402.49
2016-05-22 00:00:00.000000,14.01,14.42,13.64,14.27,15034035.18
2016-05-23 00:00:00.000000,14.27,14.67,13.38,13.45,16674960.27
2016-05-24 00:00:00.000000,13.45,13.81,11.9,12.62,2893203.8
2016-05-25 00:00:00.000000,12.63,13.03,11.71,12.52,21678190.13
2016-05-26 00:00:00.000000,12.52,13.15,12.02,12.53,16605864.12
2016-05-27 00:00:00.000000,12.53,13.09,10.41,11.18,46612822.28
2016-05-28 00:00:00.000000,11.18,13.14,10.83,11.73,38787362.74
2016-05-29 00:00:00.000000,11.73,12.48,11.31,12.23,22521434.74
2016-05-30 00:00:00.000000,12.23,12.87,12.06,12.66,11714294.13
2016-05-31 00:00:00.000000,12.66,14.62,12.36,13.94,33690246.88
2016-06-01 00:00:00.000000,13.94,14.67,13.4,13.83,16237035.14
2016-06-02 00:00:00.000000,13.83,14.18,13.51,13.74,7737589.34
2016-06-03 00:00:00.000000,13.74,14.69,13.04,13.82,18608033.48
2016-06-04 00:00:00.000000,13.82,14.14,13.04,13.69,12747403.69
2016-06-05 00:00:00.000000,13.69,14.22,13.45,14.0,8941150.79
2016-06-06 00:00:00.000000,14.0,14.29,13.7,13.92,6249411.07
2016-06-07 00:00:00.000000,13.92,14.65,13.45,14.38,16622123.92
2016-06-08 00:00:00.000000,14.38,15.04,14.33,14.45,11533780.0
2016-06-09 00:00:00.000000,14.45,14.68,14.13,14.32,5807494.76
2016-06-10 00:00:00.000000,14.32,14.55,13.81,13.98,7094546.96
2016-06-11 00:00:00.000000,13.98,14.31,13.83,13.92,8332677.16
2016-06-12 00:00:00.000000,13.92,15.99,14.72,15.74,28178889.43
2016-06-13 00:00:00.000000,15.74,17.7,16.09,17.56,22511783.14
2016-06-14 00:00:00.000000,17.56,19.25,17.05,18.84,39781312.3
2016-06-15 00:00:00.000000,18.84,19.36,18.01,18.42,11723743.21
2016-06-16 00:00:00.000000,18.3,21.35,18.21,20.61,10598002.19
2016-06-17 00:00:00.000000,20.61,21.39,13.44,15.49,38835782.61
2016-06-18 00:00:00.000000,15.49,15.53,9.936,11.36,20282268.8
2016-06-19 00:00:00.000000,11.36,13.53,10.55,12.33,7516494.48
2016-06-20 00:00:00.000000,12.35,12.15,10.06,11.73,74163441.52
2016-06-21 00:00:00.000000,11.73,13.05,10.66,12.71,58924282.33
2016-06-22 00:00:00.000000,12.71,15.9,12.64,13.21,20239842.88
2016-06-23 00:00:00.000000,13.14,14.61,13.34,13.58,23868250.38
2016-06-24 00:00:00.000000,13.58,14.44,13.1,14.16,22655601.79
2016-06-25 00:00:00.000000,14.16,14.5,13.7,14.17,10114491.79
2016-06-26 00:00:00.000000,14.17,14.39,13.35,13.72,10022717.2
2016-06-27 00:00:00.000000,13.72,14.36,13.67,13.83,7247252.76
2016-06-28 00:00:00.000000,14.04,14.14,11.36,12.15,7059267.13
2016-06-29 00:00:00.000000,12.19,13.05,11.52,12.73,17889099.41
2016-06-30 00:00:00.000000,12.73,13.44,12.34,12.41,11799415.15
2016-07-01 00:00:00.000000,12.41,12.56,11.62,12.3,13207699.27
2016-07-02 00:00:00.000000,12.3,12.74,11.96,12.11,6833598.65
2016-07-03 00:00:00.000000,12.11,12.01,11.33,11.74,7134398.14
2016-07-04 00:00:00.000000,11.74,12.13,11.28,11.38,8260333.0
2016-07-05 00:00:00.000000,11.34,11.41,8.976,10.45,6584753.12
2016-07-06 00:00:00.000000,10.47,11.11,10.21,10.43,12309767.28
2016-07-07 00:00:00.000000,10.43,10.31,9.529,10.03,10716900.61
2016-07-08 00:00:00.000000,10.03,11.64,10.3,11.27,12116057.51
2016-07-09 00:00:00.000000,11.27,11.34,10.69,10.92,10971784.54
2016-07-10 00:00:00.000000,10.92,11.08,10.7,10.9,3839285.16
2016-07-11 00:00:00.000000,10.9,10.92,10.18,10.46,9499396.48
2016-07-12 00:00:00.000000,10.46,11.1,10.39,10.49,7409277.21
2016-07-13 00:00:00.000000,10.49,10.6,10.27,10.44,5049013.96
2016-07-14 00:00:00.000000,10.44,11.69,10.37,11.55,3803996.96
2016-07-15 00:00:00.000000,11.55,12.64,11.4,11.88,5989467.51
2016-07-16 00:00:00.000000,11.88,12.12,11.5,11.59,1741687.83
2016-07-17 00:00:00.000000,11.59,11.73,10.9,11.19,4958378.98
2016-07-18 00:00:00.000000,11.17,11.48,10.85,10.95,10599233.74
2016-07-19 00:00:00.000000,11.03,12.1,10.95,11.63,4055734.52
2016-07-20 00:00:00.000000,11.63,13.0,11.4,12.54,11258732.89
2016-07-21 00:00:00.000000,12.54,12.92,12.02,12.66,5314646.39
2016-07-22 00:00:00.000000,12.66,15.06,12.57,14.82,14161594.6
2016-07-23 00:00:00.000000,14.82,15.27,13.99,14.4,7061906.87
2016-07-24 00:00:00.000000,14.4,14.68,12.15,12.63,13418374.59
2016-07-25 00:00:00.000000,12.63,13.88,12.59,13.84,5674967.8
2016-07-26 00:00:00.000000,13.84,13.9,11.74,12.08,10981872.48
2016-07-27 00:00:00.000000,12.08,13.52,11.73,13.05,5077547.65
2016-07-28 00:00:00.000000,13.05,13.08,12.48,12.87,3121650.55
2016-07-29 00:00:00.000000,12.83,12.94,12.54,12.84,7208428.36
2016-07-30 00:00:00.000000,12.87,12.88,12.53,12.57,2030259.8
2016-07-31 00:00:00.000000,12.49,12.28,11.22,11.82,15234160.66
2016-08-01 00:00:00.000000,11.82,11.74,11.02,11.05,10728906.44
2016-08-02 00:00:00.000000,11.04,11.2,7.033,8.295,10863339.0
2016-08-03 00:00:00.000000,8.295,10.64,8.093,10.42,4834647.29
2016-08-04 00:00:00.000000,10.42,11.53,10.25,11.21,2985961.17
2016-08-05 00:00:00.000000,11.1,11.19,10.74,10.93,9438586.34
2016-08-06 00:00:00.000000,10.93,11.18,10.5,10.91,10088160.79
2016-08-07 00:00:00.000000,10.91,11.16,10.69,10.94,9812937.61
2016-08-08 00:00:00.000000,10.98,11.49,10.83,11.29,2281375.46
2016-08-09 00:00:00.000000,11.29,12.43,11.17,12.22,4071702.41
2016-08-10 00:00:00.000000,12.22,12.67,11.86,12.22,5255819.87
2016-08-11 00:00:00.000000,12.22,12.35,11.59,11.68,3016560.99
2016-08-12 00:00:00.000000,11.68,12.04,11.58,11.78,2065414.17
2016-08-13 00:00:00.000000,11.77,11.76,11.45,11.52,4861315.77
2016-08-14 00:00:00.000000,11.52,11.44,11.07,11.17,5287993.65
2016-08-15 00:00:00.000000,11.17,11.25,10.99,11.19,4124461.3
2016-08-16 00:00:00.000000,11.19,11.56,11.05,11.16,4425489.66
2016-08-17 00:00:00.000000,11.17,11.23,10.71,10.77,2530514.96
2016-08-18 00:00:00.000000,10.74,11.04,10.69,10.74,3846376.18
2016-08-19 00:00:00.000000,10.74,10.86,10.68,10.75,2964215.87
2016-08-20 00:00:00.000000,10.71,11.35,10.68,11.28,1576304.59
2016-08-21 00:00:00.000000,11.3,11.27,10.91,11.15,2820827.07
2016-08-22 00:00:00.000000,11.15,11.44,11.03,11.11,4170452.13
2016-08-23 00:00:00.000000,11.11,11.22,10.9,11.02,3657912.67
2016-08-24 00:00:00.000000,11.02,11.19,10.94,11.01,2529685.57
2016-08-25 00:00:00.000000,11.01,11.41,10.98,11.37,5322280.86
2016-08-26 00:00:00.000000,11.37,11.52,11.19,11.3,3613095.0
2016-08-27 00:00:00.000000,11.3,11.27,11.05,11.17,1520010.96
2016-08-28 00:00:00.000000,11.19,11.21,10.98,10.99,793760.75
2016-08-29 00:00:00.000000,10.94,11.15,10.69,10.93,5121007.27
2016-08-30 00:00:00.000000,10.93,11.36,10.94,11.26,4492171.15
2016-08-31 00:00:00.000000,11.26,11.63,11.09,11.59,6557474.75
2016-09-01 00:00:00.000000,11.55,12.6,11.55,12.21,3084388.07
2016-09-02 00:00:00.000000,12.15,12.37,11.92,12.08,6174928.67
2016-09-03 00:00:00.000000,12.08,12.9,11.42,11.77,8989274.73
2016-09-04 00:00:00.000000,11.77,12.06,11.52,11.69,4659577.95
2016-09-05 00:00:00.000000,11.69,11.89,11.54,11.74,3864321.52
2016-09-06 00:00:00.000000,11.74,11.84,11.44,11.66,4316362.2
2016-09-07 00:00:00.000000,11.66,11.82,11.45,11.53,3831951.41
2016-09-08 00:00:00.000000,11.53,11.89,11.15,11.35,7682691.27
2016-09-09 00:00:00.000000,11.35,11.75,11.22,11.64,3722712.2
2016-09-10 00:00:00.000000,11.64,12.11,11.52,12.1,3578980.04
2016-09-11 00:00:00.000000,12.1,11.9,11.26,11.63,6481856.39
2016-09-12 00:00:00.000000,11.63,11.98,11.55,11.92,4141919.99
2016-09-13 00:00:00.000000,11.89,12.14,11.82,11.92,3108044.84
2016-09-14 00:00:00.000000,11.91,11.98,11.69,11.92,3162486.4
2016-09-15 00:00:00.000000,11.97,12.14,11.89,11.96,1642142.0
2016-09-16 00:00:00.000000,11.96,12.81,11.89,12.61,2298783.41
2016-09-17 00:00:00.000000,12.62,12.79,12.42,12.75,5007438.13
2016-09-18 00:00:00.000000,12.83,13.0,12.21,12.39,2999604.47
2016-09-19 00:00:00.000000,12.16,13.06,12.09,12.93,8394225.44
2016-09-20 00:00:00.000000,12.93,14.75,12.92,14.72,4649566.46
2016-09-21 00:00:00.000000,14.72,14.84,13.18,13.72,3597165.78
2016-09-22 00:00:00.000000,13.72,13.84,12.37,13.11,3037294.65
2016-09-23 00:00:00.000000,13.06,13.57,13.18,13.31,6197787.58
2016-09-24 00:00:00.000000,13.36,13.4,12.63,12.91,1202185.53
2016-09-25 00:00:00.000000,12.88,13.12,12.75,13.04,3712127.69
2016-09-26 00:00:00.000000,13.04,13.37,12.76,12.8,4689861.89
2016-09-27 00:00:00.000000,12.8,13.25,12.73,13.09,3845526.09
2016-09-28 00:00:00.000000,13.09,13.54,13.02,13.25,4940334.85
2016-09-29 00:00:00.000000,13.25,13.38,12.98,13.09,2748012.94
2016-09-30 00:00:00.000000,13.09,13.43,13.04,13.22,3402883.93
2016-10-01 00:00:00.000000,13.22,13.41,12.95,13.15,3828544.61
2016-10-02 00:00:00.000000,13.15,13.36,13.03,13.19,2204800.38
2016-10-03 00:00:00.000000,13.19,13.53,13.13,13.46,4647761.52
2016-10-04 00:00:00.000000,13.46,13.51,13.15,13.28,4877385.64
2016-10-05 00:00:00.000000,13.28,13.4,13.0,13.01,4768306.41
2016-10-06 00:00:00.000000,13.01,13.14,12.6,12.82,6867826.65
2016-10-07 00:00:00.000000,12.82,13.1,12.46,12.62,5093228.45
2016-10-08 00:00:00.000000,12.68,12.76,12.04,12.24,1494626.67
2016-10-09 00:00:00.000000,12.24,12.41,11.97,12.06,1339556.95
2016-10-10 00:00:00.000000,12.06,12.15,11.6,11.74,2039638.55
2016-10-11 00:00:00.000000,11.71,12.63,11.6,11.7,7127789.69
2016-10-12 00:00:00.000000,11.7,12.09,11.56,11.72,5424704.5
2016-10-13 00:00:00.000000,11.72,12.22,11.65,12.1,5522264.51
2016-10-14 00:00:00.000000,12.1,12.17,11.76,11.9,2228641.61
2016-10-15 00:00:00.000000,11.9,12.03,11.64,11.91,2419607.02
2016-10-16 00:00:00.000000,11.91,12.09,11.84,11.88,1495257.36
2016-10-17 00:00:00.000000,11.88,12.03,11.73,11.96,3323730.89
2016-10-18 00:00:00.000000,11.98,12.92,11.93,12.5,2086531.11
2016-10-19 00:00:00.000000,12.5,12.5,11.85,11.98,5638209.32
2016-10-20 00:00:00.000000,11.98,12.28,11.91,12.0,3716194.51
2016-10-21 00:00:00.000000,12.0,12.16,11.97,12.09,2037309.77
2016-10-22 00:00:00.000000,12.09,12.6,11.94,12.09,3799996.42
2016-10-23 00:00:00.000000,12.09,12.11,11.83,11.98,2342127.55
2016-10-24 00:00:00.000000,11.98,12.02,11.85,11.85,1786985.32
2016-10-25 00:00:00.000000,11.85,11.91,10.93,11.34,10737064.29
2016-10-26 00:00:00.000000,11.34,12.01,11.22,11.5,4853259.16
2016-10-27 00:00:00.000000,11.5,11.64,11.12,11.39,7212193.79
2016-10-28 00:00:00.000000,11.39,11.62,10.79,11.01,7874955.67
2016-10-29 00:00:00.000000,11.08,11.25,9.425,10.39,3189413.09
2016-10-30 00:00:00.000000,10.32,11.51,10.04,11.21,11200884.57
2016-10-31 00:00:00.000000,11.21,11.53,10.78,10.93,7827464.12
2016-11-01 00:00:00.000000,10.93,11.49,10.15,10.71,14511901.13
2016-11-02 00:00:00.000000,10.71,11.38,10.68,10.8,5893806.72
2016-11-03 00:00:00.000000,10.8,11.17,9.903,10.9,9876268.24
2016-11-04 00:00:00.000000,10.9,11.23,10.78,11.11,4746650.51
2016-11-05 00:00:00.000000,11.11,11.16,10.88,11.04,2634787.19
2016-11-06 00:00:00.000000,11.04,11.21,10.84,10.88,2639157.55
2016-11-07 00:00:00.000000,10.88,11.09,10.73,10.87,2145891.01
2016-11-08 00:00:00.000000,10.87,11.07,10.68,10.84,3010910.65
2016-11-09 00:00:00.000000,10.84,11.03,9.977,10.67,9858444.68
2016-11-10 00:00:00.000000,10.67,10.7,10.42,10.56,2344526.83
2016-11-11 00:00:00.000000,10.56,10.62,10.22,10.29,3578886.39
2016-11-12 00:00:00.000000,10.29,10.3,9.719,9.881,5558964.12
2016-11-13 00:00:00.000000,9.881,10.57,9.61,10.11,6087244.55
2016-11-14 00:00:00.000000,10.11,10.22,9.927,9.977,1891776.38
2016-11-15 00:00:00.000000,9.977,10.33,9.835,10.19,3714713.69
2016-11-16 00:00:00.000000,10.19,10.78,9.816,10.02,6360368.25
2016-11-17 00:00:00.000000,10.02,10.11,9.699,9.935,3902175.04
2016-11-18 00:00:00.000000,9.935,10.16,9.225,9.434,7011196.31
2016-11-19 00:00:00.000000,9.434,9.797,9.393,9.618,2884629.24
2016-11-20 00:00:00.000000,9.618,9.755,9.208,9.536,3355410.75
2016-11-21 00:00:00.000000,9.536,9.732,9.438,9.57,1749724.14
2016-11-22 00:00:00.000000,9.57,10.38,9.539,9.839,7314353.06
2016-11-23 00:00:00.000000,9.839,9.982,9.634,9.738,2548772.18
2016-11-24 00:00:00.000000,9.781,9.82,8.693,9.22,1867383.41
2016-11-25 00:00:00.000000,9.184,9.832,9.196,9.373,4858862.81
2016-11-26 00:00:00.000000,9.373,9.492,9.206,9.272,1676228.13
2016-11-27 00:00:00.000000,9.336,9.335,8.644,8.909,1353644.97
2016-11-28 00:00:00.000000,8.965,9.056,8.653,8.734,3241707.67
2016-11-29 00:00:00.000000,8.665,8.711,7.8,8.178,2178363.36
2016-11-30 00:00:00.000000,8.175,8.836,8.19,8.598,7197161.9
2016-12-01 00:00:00.000000,8.598,8.738,8.264,8.437,3667780.29
2016-12-02 00:00:00.000000,8.438,8.436,7.298,7.651,3086902.62
2016-12-03 00:00:00.000000,7.651,8.13,7.437,7.901,1424715.57
2016-12-04 00:00:00.000000,7.901,7.924,7.422,7.544,728686.35
2016-12-05 00:00:00.000000,7.544,7.601,6.534,6.694,2211620.44
2016-12-06 00:00:00.000000,6.694,7.8,5.971,7.612,4244346.39
2016-12-07 00:00:00.000000,7.612,8.552,7.385,8.354,1716783.84
2016-12-08 00:00:00.000000,8.354,8.899,8.195,8.298,1798741.61
2016-12-09 00:00:00.000000,8.298,8.643,7.982,8.518,1200256.63
2016-12-10 00:00:00.000000,8.518,8.576,8.013,8.087,862005.19
2016-12-11 00:00:00.000000,8.104,8.293,8.009,8.217,3689169.28
2016-12-12 00:00:00.000000,8.203,8.596,8.146,8.453,1036639.9
2016-12-13 00:00:00.000000,8.493,8.527,8.286,8.356,2278931.04
2016-12-14 00:00:00.000000,8.356,8.541,8.153,8.215,3336988.82
2016-12-15 00:00:00.000000,8.225,8.282,7.669,7.755,1657356.88
2016-12-16 00:00:00.000000,7.76,7.969,7.725,7.794,2324118.41
2016-12-17 00:00:00.000000,7.853,7.866,7.471,7.66,931231.74
2016-12-18 00:00:00.000000,7.66,7.943,7.661,7.887,596318.5
2016-12-19 00:00:00.000000,7.867,7.881,7.539,7.591,2765107.49
2016-12-20 00:00:00.000000,7.591,7.888,7.54,7.591,2789442.68
2016-12-21 00:00:00.000000,7.591,8.049,7.795,7.873,5635752.23
2016-12-22 00:00:00.000000,7.873,8.189,7.35,7.641,11215791.72
2016-12-23 00:00:00.000000,7.641,8.143,7.085,7.14,13210441.42
2016-12-24 00:00:00.000000,7.14,7.399,6.852,7.236,4771782.23
2016-12-25 00:00:00.000000,7.236,7.499,7.113,7.164,5683707.18
2016-12-26 00:00:00.000000,7.164,7.38,6.99,7.212,3481937.15
2016-12-27 00:00:00.000000,7.212,7.552,6.959,7.142,5773603.49
2016-12-28 00:00:00.000000,7.142,7.866,7.077,7.465,12314579.33
2016-12-29 00:00:00.000000,7.574,8.509,7.494,8.214,3493858.63
2016-12-30 00:00:00.000000,8.189,8.609,8.042,8.148,6626074.05
2016-12-31 00:00:00.000000,8.162,8.227,7.923,8.054,1105687.52
2017-01-01 00:00:00.000000,8.018,8.891,7.97,8.154,6963216.69
2017-01-02 00:00:00.000000,8.154,8.568,7.964,8.317,7152179.49
2017-01-03 00:00:00.000000,8.335,9.94,8.185,9.595,5292231.64
2017-01-04 00:00:00.000000,9.639,11.5,10.24,11.0,22695239.44
2017-01-05 00:00:00.000000,11.0,10.37,9.151,10.12,21602177.79
2017-01-06 00:00:00.000000,10.12,10.32,8.924,10.1,19266514.89
2017-01-07 00:00:00.000000,10.1,10.54,9.146,9.733,12766607.02
2017-01-08 00:00:00.000000,9.733,10.35,9.486,10.17,7818502.79
2017-01-09 00:00:00.000000,10.17,11.0,9.952,10.27,15160989.33
2017-01-10 00:00:00.000000,10.27,10.76,10.15,10.5,6487770.94
2017-01-11 00:00:00.000000,10.5,9.857,8.985,9.629,12566132.89
2017-01-12 00:00:00.000000,9.629,10.24,9.64,9.713,7378708.8
2017-01-13 00:00:00.000000,9.713,10.08,9.461,9.651,6166842.23
2017-01-14 00:00:00.000000,9.651,9.827,9.385,9.721,3348997.07
2017-01-15 00:00:00.000000,9.721,9.928,9.657,9.797,2265510.88
2017-01-16 00:00:00.000000,9.797,9.878,9.432,9.556,3865513.42
2017-01-17 00:00:00.000000,9.556,10.69,9.923,10.09,9301317.03
2017-01-18 00:00:00.000000,10.09,10.27,9.784,10.1,4689414.15
2017-01-19 00:00:00.000000,10.1,10.42,10.12,10.37,3628242.28
2017-01-20 00:00:00.000000,10.37,10.81,10.3,10.57,5031740.22
2017-01-21 00:00:00.000000,10.57,11.05,10.42,10.9,5540913.09
2017-01-22 00:00:00.000000,10.91,11.01,10.6,10.71,1443235.01
2017-01-23 00:00:00.000000,10.69,10.85,10.61,10.74,2842126.28
2017-01-24 00:00:00.000000,10.74,10.64,10.37,10.54,2779240.09
2017-01-25 00:00:00.000000,10.54,10.69,10.42,10.46,2679509.98
2017-01-26 00:00:00.000000,10.46,10.76,10.44,10.63,4186947.91
2017-01-27 00:00:00.000000,10.63,10.67,10.38,10.47,2975545.26
2017-01-28 00:00:00.000000,10.47,10.63,10.36,10.55,2192074.04
2017-01-29 00:00:00.000000,10.55,10.53,10.34,10.44,1177831.59
2017-01-30 00:00:00.000000,10.47,10.77,10.42,10.62,1369992.2
2017-01-31 00:00:00.000000,10.56,11.12,10.62,10.66,5283736.29
2017-02-01 00:00:00.000000,10.66,11.0,10.49,10.65,6130828.84
2017-02-02 00:00:00.000000,10.71,10.92,10.57,10.78,2738130.48
2017-02-03 00:00:00.000000,10.78,10.95,10.55,10.95,2590189.72
2017-02-04 00:00:00.000000,10.95,11.4,10.88,11.32,2507121.92
2017-02-05 00:00:00.000000,11.32,11.32,11.07,11.25,1834203.1
2017-02-06 00:00:00.000000,11.25,11.38,11.13,11.29,2001659.84
2017-02-07 00:00:00.000000,11.32,11.55,11.26,11.45,1481700.25
2017-02-08 00:00:00.000000,11.45,11.6,11.11,11.39,1842031.94
2017-02-09 00:00:00.000000,11.36,11.08,10.38,10.89,8490915.75
2017-02-10 00:00:00.000000,10.89,11.55,11.02,11.3,4990866.39
2017-02-11 00:00:00.000000,11.3,11.57,11.23,11.38,2792195.37
2017-02-12 00:00:00.000000,11.38,11.36,11.17,11.34,1997351.12
2017-02-13 00:00:00.000000,11.34,11.42,11.15,11.3,2472783.05
2017-02-14 00:00:00.000000,11.39,14.05,11.32,13.0,8633943.17
2017-02-15 00:00:00.000000,13.0,13.68,12.63,12.97,3998609.0
2017-02-16 00:00:00.000000,12.97,13.06,12.64,12.95,26181931.8
2017-02-17 00:00:00.000000,12.78,13.03,12.48,12.66,4642891.0
2017-02-18 00:00:00.000000,12.66,12.8,12.5,12.77,3486554.87
2017-02-19 00:00:00.000000,12.77,12.86,12.62,12.74,2657002.69
2017-02-20 00:00:00.000000,12.74,13.35,12.09,12.23,5873097.63
2017-02-21 00:00:00.000000,12.23,13.12,12.52,12.67,6706706.28
2017-02-22 00:00:00.000000,12.67,12.96,12.39,12.57,4184953.04
2017-02-23 00:00:00.000000,12.69,13.3,12.64,13.13,2869257.92
2017-02-24 00:00:00.000000,13.13,13.29,12.72,13.11,3472766.16
2017-02-25 00:00:00.000000,13.01,13.77,12.59,13.51,7982720.03
2017-02-26 00:00:00.000000,13.57,14.65,13.37,14.59,4621619.85
2017-02-27 00:00:00.000000,14.59,16.09,14.3,15.55,8252909.85
2017-02-28 00:00:00.000000,15.55,16.75,15.19,16.07,19857331.85
2017-03-01 00:00:00.000000,16.07,17.65,15.68,17.55,13731714.76
2017-03-02 00:00:00.000000,17.55,19.64,16.58,19.08,19994584.45
2017-03-03 00:00:00.000000,19.08,21.06,17.81,19.48,24152328.49
2017-03-04 00:00:00.000000,19.48,20.19,18.56,18.61,7413157.39
2017-03-05 00:00:00.000000,18.61,19.4,18.1,19.22,5782306.44
2017-03-06 00:00:00.000000,19.22,20.3,19.0,19.75,10247940.36
2017-03-07 00:00:00.000000,19.75,19.81,18.52,18.91,11143090.95
2017-03-08 00:00:00.000000,18.91,18.93,16.51,16.54,13176714.44
2017-03-09 00:00:00.000000,16.54,18.13,15.94,17.71,9124768.56
2017-03-10 00:00:00.000000,17.71,19.68,16.57,19.13,25211751.17
2017-03-11 00:00:00.000000,19.13,21.64,18.72,21.45,16305702.25
2017-03-12 00:00:00.000000,21.45,23.81,21.2,23.31,18139890.29
2017-03-13 00:00:00.000000,23.31,31.04,23.3,28.45,62404918.78
2017-03-14 00:00:00.000000,28.45,29.88,26.91,28.58,20686242.44
2017-03-15 00:00:00.000000,28.58,35.32,28.31,35.18,41558801.55
2017-03-16 00:00:00.000000,35.18,46.55,34.76,45.51,110340100.2
2017-03-17 00:00:00.000000,45.51,54.88,34.55,44.48,126403905.93
2017-03-18 00:00:00.000000,44.48,45.24,30.63,34.0,78375178.99
2017-03-19 00:00:00.000000,34.0,45.55,33.4,43.12,66179861.75
2017-03-20 00:00:00.000000,43.12,45.51,40.93,42.51,36051939.83
2017-03-21 00:00:00.000000,42.51,43.8,41.68,42.67,20719388.86
2017-03-22 00:00:00.000000,42.67,42.94,38.56,41.65,24709533.87
2017-03-23 00:00:00.000000,41.65,44.26,40.59,43.2,23891682.97
2017-03-24 00:00:00.000000,43.2,53.74,42.77,53.19,73808171.33
2017-03-25 00:00:00.000000,53.12,55.7,48.48,50.74,114640132.41
2017-03-26 00:00:00.000000,50.74,52.66,46.76,50.59,67641635.45
2017-03-27 00:00:00.000000,50.59,55.76,47.66,49.04,58754289.17
2017-03-28 00:00:00.000000,49.04,52.58,47.71,50.36,47182716.06
2017-03-29 00:00:00.000000,50.25,53.97,50.08,53.07,38472526.6
2017-03-30 00:00:00.000000,53.07,53.63,51.36,51.91,21489377.75
2017-03-31 00:00:00.000000,51.91,52.22,46.83,49.91,37271970.09
2017-04-01 00:00:00.000000,49.57,52.7,47.7,50.27,45810015.46
2017-04-02 00:00:00.000000,50.27,51.93,40.09,47.92,67229687.11
2017-04-03 00:00:00.000000,47.92,50.44,42.39,43.89,87492551.67
2017-04-04 00:00:00.000000,43.89,46.33,40.52,44.31,78366125.15
2017-04-05 00:00:00.000000,44.31,48.45,43.57,44.83,61191790.8
2017-04-06 00:00:00.000000,44.83,47.86,40.04,43.03,84042206.05
2017-04-07 00:00:00.000000,43.03,45.04,41.13,42.04,45399652.93
2017-04-08 00:00:00.000000,42.04,48.97,41.66,44.24,39305044.42
2017-04-09 00:00:00.000000,44.24,45.44,42.72,43.49,30702525.23
2017-04-10 00:00:00.000000,43.72,44.57,42.49,43.74,9252478.8
2017-04-11 00:00:00.000000,43.61,45.35,43.15,43.57,17374253.45
2017-04-12 00:00:00.000000,43.74,47.89,43.26,46.38,22030599.81
2017-04-13 00:00:00.000000,46.2,51.73,44.63,50.02,71633260.67
2017-04-14 00:00:00.000000,50.02,50.22,45.89,47.23,38795618.02
2017-04-15 00:00:00.000000,47.23,68.88,46.26,48.88,32778167.66
2017-04-16 00:00:00.000000,48.88,48.99,47.32,48.21,13931966.59
2017-04-17 00:00:00.000000,48.21,49.24,46.35,47.84,19928566.19
2017-04-18 00:00:00.000000,47.94,50.25,47.75,49.88,22065841.78
2017-04-19 00:00:00.000000,49.88,50.5,46.86,47.88,19057555.2
2017-04-20 00:00:00.000000,47.78,50.22,47.58,49.35,33531702.45
2017-04-21 00:00:00.000000,49.35,49.94,47.79,48.35,19079219.05
2017-04-22 00:00:00.000000,48.35,49.54,47.7,48.32,15464979.3
2017-04-23 00:00:00.000000,48.41,48.92,47.91,48.75,8709584.13
2017-04-24 00:00:00.000000,48.75,50.41,48.72,49.94,12211894.49
2017-04-25 00:00:00.000000,49.94,50.61,49.79,50.09,8566119.69
2017-04-26 00:00:00.000000,50.09,54.61,50.01,53.28,28727738.92
2017-04-27 00:00:00.000000,52.8,63.43,53.98,62.93,110297393.29
2017-04-28 00:00:00.000000,62.93,73.09,62.04,71.05,156246632.59
2017-04-29 00:00:00.000000,72.42,74.03,67.62,69.83,38785700.28
2017-04-30 00:00:00.000000,68.75,79.82,69.45,78.72,100852217.79
2017-05-01 00:00:00.000000,79.83,83.87,71.46,77.53,99260395.94
2017-05-02 00:00:00.000000,75.18,79.8,71.24,75.97,86436090.05
2017-05-03 00:00:00.000000,77.25,80.96,75.4,80.37,38833085.88
2017-05-04 00:00:00.000000,80.37,95.31,79.34,94.55,84572615.78
2017-05-05 00:00:00.000000,93.36,94.9,85.4,89.38,137972213.63
2017-05-06 00:00:00.000000,90.79,95.6,90.56,94.82,30584898.98
2017-05-07 00:00:00.000000,94.82,96.37,62.74,90.46,45495746.59
2017-05-08 00:00:00.000000,90.67,97.47,86.57,86.82,108458294.34
2017-05-09 00:00:00.000000,86.82,91.12,67.66,85.74,179878007.48
2017-05-10 00:00:00.000000,85.74,92.7,83.92,86.21,68356784.68
2017-05-11 00:00:00.000000,87.83,90.55,85.77,88.2,32402025.29
2017-05-12 00:00:00.000000,88.2,90.57,83.15,85.15,37700850.86
2017-05-13 00:00:00.000000,85.15,88.59,81.81,87.96,18579547.98
2017-05-14 00:00:00.000000,87.96,89.7,86.33,88.72,14701160.35
2017-05-15 00:00:00.000000,88.72,94.3,86.75,90.32,50259306.03
2017-05-16 00:00:00.000000,90.32,92.18,85.68,87.8,38782037.85
2017-05-17 00:00:00.000000,87.8,89.4,81.99,86.98,39565758.47
2017-05-18 00:00:00.000000,86.98,96.1,86.69,95.88,46394766.22
2017-05-19 00:00:00.000000,95.88,129.47,95.73,124.38,130687977.2
2017-05-20 00:00:00.000000,124.1,133.73,119.8,121.94,131462348.21
2017-05-21 00:00:00.000000,123.06,148.6,121.72,148.0,110402028.57
2017-05-22 00:00:00.000000,148.0,181.46,133.38,160.39,274191653.75
2017-05-23 00:00:00.000000,160.39,176.04,155.06,169.5,114242328.23
2017-05-24 00:00:00.000000,169.5,201.15,167.81,193.03,175438578.03
2017-05-25 00:00:00.000000,193.03,216.1,160.86,177.33,238787495.75
2017-05-26 00:00:00.000000,177.33,197.67,141.56,162.83,180297613.5
2017-05-27 00:00:00.000000,162.83,169.62,114.17,156.63,220037050.67
2017-05-28 00:00:00.000000,156.51,182.36,156.51,172.86,127225150.79
2017-05-29 00:00:00.000000,172.86,197.74,165.36,194.17,117364507.62
2017-05-30 00:00:00.000000,194.17,232.08,185.83,228.58,259513540.14
2017-05-31 00:00:00.000000,228.58,233.92,214.05,228.64,225740686.88
2017-06-01 00:00:00.000000,228.64,235.52,208.0,220.7,188744370.55
2017-06-02 00:00:00.000000,220.7,227.71,216.94,222.04,89635792.58
2017-06-03 00:00:00.000000,222.86,232.91,217.1,223.74,138723103.95
2017-06-04 00:00:00.000000,224.3,249.34,223.88,244.96,123696111.28
2017-06-05 00:00:00.000000,244.96,248.62,241.5,247.75,83061054.37
2017-06-06 00:00:00.000000,247.75,268.12,246.5,264.26,189040588.11
2017-06-07 00:00:00.000000,264.26,264.8,246.17,255.77,115588722.19
2017-06-08 00:00:00.000000,255.77,260.77,250.89,259.41,90124852.82
2017-06-09 00:00:00.000000,259.41,279.14,259.36,279.11,121471877.23
2017-06-10 00:00:00.000000,279.11,351.82,278.79,335.95,286877358.36
2017-06-11 00:00:00.000000,335.95,351.21,314.39,339.68,215135870.25
2017-06-12 00:00:00.000000,339.68,417.21,311.99,394.66,549683393.83
2017-06-13 00:00:00.000000,394.66,399.5,359.7,388.09,260123720.89
2017-06-14 00:00:00.000000,388.09,393.62,317.23,343.84,348212541.18
2017-06-15 00:00:00.000000,343.84,351.94,260.78,344.68,602112721.79
2017-06-16 00:00:00.000000,344.68,360.84,316.83,353.61,223997348.97
2017-06-17 00:00:00.000000,353.61,368.33,342.85,368.1,134453789.41
2017-06-18 00:00:00.000000,368.1,379.17,341.29,351.53,162855868.32
2017-06-19 00:00:00.000000,351.53,361.5,348.66,358.2,106180717.99
2017-06-20 00:00:00.000000,358.2,365.22,323.69,350.53,201343473.08
2017-06-21 00:00:00.000000,350.53,352.83,138.5,325.3,305462617.14
2017-06-22 00:00:00.000000,325.3,333.4,308.21,320.97,155828144.6
2017-06-23 00:00:00.000000,320.97,331.53,319.62,326.85,78597250.89
2017-06-24 00:00:00.000000,326.85,330.28,298.73,304.54,114491120.56
2017-06-25 00:00:00.000000,304.54,309.98,253.3,279.36,222961091.7
2017-06-26 00:00:00.000000,279.36,293.55,209.55,253.68,444174618.98
2017-06-27 00:00:00.000000,253.68,286.64,211.47,286.14,346738914.6
2017-06-28 00:00:00.000000,286.14,323.87,260.89,315.86,366875067.35
2017-06-29 00:00:00.000000,315.86,322.28,285.89,292.9,249819374.85
2017-06-30 00:00:00.000000,292.9,305.3,270.43,280.68,205409173.28
2017-07-01 00:00:00.000000,280.68,281.81,253.18,261.0,214127111.59
2017-07-02 00:00:00.000000,261.0,293.3,254.19,283.99,189730463.06
2017-07-03 00:00:00.000000,283.99,284.31,272.64,276.41,139887958.58
2017-07-04 00:00:00.000000,276.41,282.32,265.21,269.05,141480666.78
2017-07-05 00:00:00.000000,269.05,274.03,253.7,266.0,162838117.13
2017-07-06 00:00:00.000000,266.0,274.55,261.57,265.88,106470793.34
2017-07-07 00:00:00.000000,265.88,266.25,236.16,240.94,171183446.25
2017-07-08 00:00:00.000000,240.94,248.35,230.96,245.67,139823006.33
2017-07-09 00:00:00.000000,245.67,251.79,236.59,237.72,76538488.68
2017-07-10 00:00:00.000000,237.72,240.09,188.21,205.76,274808713.13
2017-07-11 00:00:00.000000,205.76,216.16,175.21,190.55,368656185.14
2017-07-12 00:00:00.000000,190.55,227.06,181.62,224.15,289483936.34
2017-07-13 00:00:00.000000,224.15,226.66,193.2,205.41,196303864.51
2017-07-14 00:00:00.000000,205.41,207.07,182.62,197.14,181470096.09
2017-07-15 00:00:00.000000,197.14,198.71,168.95,169.1,176484014.55
2017-07-16 00:00:00.000000,169.1,171.91,132.64,155.42,374176884.45
2017-07-17 00:00:00.000000,155.42,190.26,154.25,189.97,352420261.18
2017-07-18 00:00:00.000000,189.97,256.89,177.42,227.09,642203465.55
2017-07-19 00:00:00.000000,227.09,244.02,187.21,194.41,576048989.06
2017-07-20 00:00:00.000000,194.41,235.86,194.41,226.33,504434488.1
2017-07-21 00:00:00.000000,226.33,236.62,209.46,216.33,233383296.53
2017-07-22 00:00:00.000000,216.33,236.55,215.3,230.47,151128752.55
2017-07-23 00:00:00.000000,230.47,234.17,220.3,228.32,128301932.65
2017-07-24 00:00:00.000000,228.32,229.56,224.04,225.48,90165893.98
2017-07-25 00:00:00.000000,225.48,225.98,192.64,203.59,285374761.65
2017-07-26 00:00:00.000000,203.59,209.29,193.1,202.88,161659275.04
2017-07-27 00:00:00.000000,202.88,205.68,198.93,202.93,102009361.91
2017-07-28 00:00:00.000000,202.93,203.93,189.77,191.21,123425467.06
2017-07-29 00:00:00.000000,191.21,209.57,177.69,206.14,192325102.02
2017-07-30 00:00:00.000000,206.14,209.88,194.12,196.78,110586575.75
2017-07-31 00:00:00.000000,196.78,201.78,190.53,201.33,103641349.39
2017-08-01 00:00:00.000000,201.33,232.55,201.27,225.9,314260050.78
2017-08-02 00:00:00.000000,225.9,228.98,215.71,218.12,122967812.49
2017-08-03 00:00:00.000000,218.12,228.08,217.84,224.39,93201219.53
2017-08-04 00:00:00.000000,224.39,227.45,219.73,220.6,87804496.93
2017-08-05 00:00:00.000000,220.6,258.47,219.72,253.09,251531536.79
2017-08-06 00:00:00.000000,253.09,272.22,251.79,264.56,219315844.17
2017-08-07 00:00:00.000000,264.56,274.39,257.41,269.94,158590573.11
2017-08-08 00:00:00.000000,269.94,299.55,266.94,296.51,229459233.36
2017-08-09 00:00:00.000000,296.51,314.75,279.1,295.28,439031586.16
2017-08-10 00:00:00.000000,295.24,310.18,289.22,298.28,173781086.18
2017-08-11 00:00:00.000000,298.28,310.36,295.94,309.32,146799311.1
2017-08-12 00:00:00.000000,309.32,319.14,303.71,308.02,198463746.02
2017-08-13 00:00:00.000000,308.02,308.87,288.04,296.62,209757139.86
2017-08-14 00:00:00.000000,296.62,306.3,294.74,299.16,138516552.98
2017-08-15 00:00:00.000000,299.16,299.71,271.38,286.52,209502360.98
2017-08-16 00:00:00.000000,286.52,303.29,280.66,301.38,143590085.64
2017-08-17 00:00:00.000000,301.38,310.43,298.19,300.3,141776697.36
2017-08-18 00:00:00.000000,300.3,306.52,287.17,292.62,155333057.71
2017-08-19 00:00:00.000000,292.62,298.79,283.65,293.02,133331931.88
2017-08-20 00:00:00.000000,293.02,298.78,288.48,298.2,86214711.32
2017-08-21 00:00:00.000000,298.2,345.44,294.93,321.85,371320147.37
2017-08-22 00:00:00.000000,321.85,329.39,293.09,313.37,255666010.62
2017-08-23 00:00:00.000000,313.37,325.1,313.16,317.4,136793702.05
2017-08-24 00:00:00.000000,317.4,328.65,315.94,325.28,113467892.46
2017-08-25 00:00:00.000000,325.28,337.24,324.69,330.06,142040413.42
2017-08-26 00:00:00.000000,330.06,334.7,325.9,332.86,70828266.3
2017-08-27 00:00:00.000000,332.86,347.92,332.8,347.88,113661914.42
2017-08-28 00:00:00.000000,347.88,350.5,335.41,347.66,155518324.93
2017-08-29 00:00:00.000000,347.66,375.18,347.24,372.35,245077133.04
2017-08-30 00:00:00.000000,372.35,390.64,367.41,383.86,247280361.72
2017-08-31 00:00:00.000000,383.86,389.64,380.89,388.33,129260777.23
2017-09-01 00:00:00.000000,388.33,395.3,386.71,391.42,192664622.13
2017-09-02 00:00:00.000000,391.42,392.04,328.87,351.03,392672123.64
2017-09-03 00:00:00.000000,351.03,370.5,336.37,352.45,220213614.9
2017-09-04 00:00:00.000000,352.45,352.45,279.95,303.7,518097340.34
2017-09-05 00:00:00.000000,303.7,324.37,275.97,317.94,285969365.42
2017-09-06 00:00:00.000000,317.94,341.77,317.82,338.92,207751167.29
2017-09-07 00:00:00.000000,338.92,338.92,323.36,335.37,145609934.39
2017-09-08 00:00:00.000000,335.37,335.39,293.12,306.72,307973324.88
2017-09-09 00:00:00.000000,306.72,309.07,293.71,303.79,127930167.28
2017-09-10 00:00:00.000000,303.79,305.76,280.7,299.21,179819553.2
2017-09-11 00:00:00.000000,299.21,308.3,288.6,297.95,149130023.67
2017-09-12 00:00:00.000000,297.95,316.38,285.75,294.1,212949898.74
2017-09-13 00:00:00.000000,294.1,294.39,257.16,275.84,328829086.33
2017-09-14 00:00:00.000000,275.84,280.65,222.06,223.14,448360655.12
2017-09-15 00:00:00.000000,223.14,267.7,200.75,259.57,601118554.63
2017-09-16 00:00:00.000000,259.57,272.43,245.74,254.49,213735353.14
2017-09-17 00:00:00.000000,254.49,265.78,239.98,258.4,129073620.3
2017-09-18 00:00:00.000000,258.4,300.69,258.36,297.53,316944028.29
2017-09-19 00:00:00.000000,297.53,299.91,275.94,283.0,211173075.81
2017-09-20 00:00:00.000000,283.0,293.74,277.72,283.56,119360306.75
2017-09-21 00:00:00.000000,283.56,287.13,252.22,257.77,213821119.8
2017-09-22 00:00:00.000000,257.77,270.74,254.28,262.94,128332019.33
2017-09-23 00:00:00.000000,262.94,286.72,259.58,286.14,111790766.56
2017-09-24 00:00:00.000000,286.14,294.54,276.25,282.6,129812958.5
2017-09-25 00:00:00.000000,282.6,297.01,282.48,294.89,125825077.84
2017-09-26 00:00:00.000000,294.89,295.89,287.01,288.64,77729398.68
2017-09-27 00:00:00.000000,288.64,312.64,287.83,309.97,155862803.45
2017-09-28 00:00:00.000000,309.97,310.24,298.18,302.77,116142194.54
2017-09-29 00:00:00.000000,302.77,303.54,279.79,292.58,189289895.65
2017-09-30 00:00:00.000000,292.58,305.91,292.32,302.77,82819424.09
2017-10-01 00:00:00.000000,302.77,304.79,295.44,303.95,66161942.23
2017-10-02 00:00:00.000000,303.95,304.13,293.34,296.81,87144370.37
2017-10-03 00:00:00.000000,296.81,299.92,286.86,291.81,88276884.19
2017-10-04 00:00:00.000000,291.81,295.57,288.56,291.68,67580849.1
2017-10-05 00:00:00.000000,291.68,297.47,286.73,294.99,59328523.56
2017-10-06 00:00:00.000000,294.99,309.0,293.75,308.33,80140194.73
2017-10-07 00:00:00.000000,308.33,314.12,304.63,311.26,83321062.1
2017-10-08 00:00:00.000000,311.26,313.52,308.13,309.49,67801593.66
2017-10-09 00:00:00.000000,309.49,310.14,286.52,296.95,140753204.93
2017-10-10 00:00:00.000000,296.95,305.95,292.28,298.46,80475858.44
2017-10-11 00:00:00.000000,298.46,305.12,297.18,302.86,67246675.44
2017-10-12 00:00:00.000000,302.86,308.77,301.65,302.89,130357482.76
2017-10-13 00:00:00.000000,302.89,347.7,298.29,336.83,325130767.69
2017-10-14 00:00:00.000000,336.83,347.14,333.83,338.81,118217861.14
2017-10-15 00:00:00.000000,338.81,341.93,318.35,336.58,154046243.07
2017-10-16 00:00:00.000000,336.58,352.39,332.9,334.23,170532984.7
2017-10-17 00:00:00.000000,334.23,334.42,310.57,316.14,133468389.3
2017-10-18 00:00:00.000000,316.14,316.34,287.95,313.54,164595270.46
2017-10-19 00:00:00.000000,313.54,316.38,304.63,307.41,92233614.25
2017-10-20 00:00:00.000000,307.41,312.11,301.86,303.08,91295399.0
2017-10-21 00:00:00.000000,303.08,303.09,290.92,299.55,91321527.88
2017-10-22 00:00:00.000000,299.55,305.89,290.69,294.03,67955886.57
2017-10-23 00:00:00.000000,294.03,294.25,274.96,285.27,121924456.19
2017-10-24 00:00:00.000000,285.27,311.23,280.01,296.5,165128705.67
2017-10-25 00:00:00.000000,296.5,300.36,289.46,296.35,72454123.85
2017-10-26 00:00:00.000000,296.35,299.37,292.7,295.54,47625722.81
2017-10-27 00:00:00.000000,295.54,298.9,292.24,296.36,45180916.86
2017-10-28 00:00:00.000000,296.37,297.05,291.11,293.35,41932396.96
2017-10-29 00:00:00.000000,293.33,311.3,292.06,304.04,107293933.23
2017-10-30 00:00:00.000000,304.04,311.94,303.58,306.8,57189166.5
2017-10-31 00:00:00.000000,306.8,310.86,303.4,303.64,65784953.81
2017-11-01 00:00:00.000000,303.63,304.77,288.5,289.42,121046164.14
2017-11-02 00:00:00.000000,289.42,293.03,276.89,284.92,200255173.09
2017-11-03 00:00:00.000000,284.92,307.14,284.85,304.51,144510264.39
2017-11-04 00:00:00.000000,304.51,304.65,294.05,300.04,82749431.95
2017-11-05 00:00:00.000000,299.26,302.16,287.68,295.8,132557109.84
2017-11-06 00:00:00.000000,296.22,306.8,292.26,296.82,112601694.96
2017-11-07 00:00:00.000000,296.82,303.76,287.45,291.84,155572238.28
2017-11-08 00:00:00.000000,291.84,319.2,290.55,307.35,245218193.52
2017-11-09 00:00:00.000000,307.35,329.21,305.84,319.66,207473774.31
2017-11-10 00:00:00.000000,319.67,324.22,288.96,296.86,242321395.52
2017-11-11 00:00:00.000000,296.86,320.05,296.26,314.23,163117794.2
2017-11-12 00:00:00.000000,314.23,317.22,297.48,306.02,269198764.73
2017-11-13 00:00:00.000000,306.02,318.58,305.35,314.6,174789178.94
2017-11-14 00:00:00.000000,314.6,337.15,314.45,334.72,256426287.76
2017-11-15 00:00:00.000000,334.72,345.18,324.88,331.2,171713343.53
2017-11-16 00:00:00.000000,331.2,334.85,321.9,330.32,157426941.16
2017-11-17 00:00:00.000000,330.32,334.55,325.83,331.72,124992568.47
2017-11-18 00:00:00.000000,331.72,349.46,326.83,346.65,141724984.0
2017-11-19 00:00:00.000000,346.65,371.32,343.89,354.6,225946121.64
2017-11-20 00:00:00.000000,354.67,372.82,354.28,367.71,167626773.14
2017-11-21 00:00:00.000000,367.71,372.87,351.41,360.52,251898109.93
2017-11-22 00:00:00.000000,360.52,381.61,359.97,380.84,164317320.01
2017-11-23 00:00:00.000000,380.83,424.92,375.44,406.57,414164352.05
2017-11-24 00:00:00.000000,406.51,478.38,400.18,470.43,394452948.4
2017-11-25 00:00:00.000000,470.4,483.38,457.41,464.61,301212841.34
2017-11-26 00:00:00.000000,464.55,471.5,451.12,470.54,172973289.85
2017-11-27 00:00:00.000000,470.45,489.43,462.47,475.24,319587125.58
2017-11-28 00:00:00.000000,475.2,478.46,459.91,466.27,258005286.21
2017-11-29 00:00:00.000000,466.24,515.44,409.35,427.42,619578824.65
2017-11-30 00:00:00.000000,427.3,460.81,396.14,434.85,438013592.75
2017-12-01 00:00:00.000000,435.31,467.22,416.77,461.58,259931075.6
2017-12-02 00:00:00.000000,461.58,471.39,449.69,457.96,214732551.78
2017-12-03 00:00:00.000000,457.96,481.56,445.57,462.81,237918665.66
2017-12-04 00:00:00.000000,462.92,472.16,446.64,466.93,189877684.96
2017-12-05 00:00:00.000000,466.93,467.84,451.47,453.96,227246572.43
2017-12-06 00:00:00.000000,453.96,456.87,413.13,422.48,470223347.34
2017-12-07 00:00:00.000000,422.39,434.85,404.16,421.15,416652301.63
2017-12-08 00:00:00.000000,420.76,461.1,410.33,451.74,479837604.63
2017-12-09 00:00:00.000000,451.78,507.36,448.09,472.86,522718280.71
2017-12-10 00:00:00.000000,472.31,472.78,428.3,436.49,307733091.95
2017-12-11 00:00:00.000000,436.54,519.35,436.01,513.29,359245523.6
2017-12-12 00:00:00.000000,513.36,678.25,499.57,656.52,997267993.61
2017-12-13 00:00:00.000000,656.52,755.07,593.89,699.09,1324617349.11
2017-12-14 00:00:00.000000,699.09,751.68,662.29,693.58,806129945.07
2017-12-15 00:00:00.000000,693.58,696.89,614.33,684.27,633348317.08
2017-12-16 00:00:00.000000,684.09,718.37,678.52,692.83,378863163.02
2017-12-17 00:00:00.000000,692.32,732.45,691.95,717.71,381124251.98
2017-12-18 00:00:00.000000,717.73,799.37,679.8,785.99,752383737.04
2017-12-19 00:00:00.000000,786.17,868.89,767.59,812.5,1094688835.82
2017-12-20 00:00:00.000000,812.5,830.2,713.75,799.17,889990388.6
2017-12-21 00:00:00.000000,799.17,840.55,759.65,789.39,725479885.52
2017-12-22 00:00:00.000000,789.39,794.16,490.28,657.83,1535685091.41
2017-12-23 00:00:00.000000,657.81,747.53,651.1,700.44,468771914.78
2017-12-24 00:00:00.000000,700.44,701.07,597.12,675.91,477777689.82
2017-12-25 00:00:00.000000,676.08,747.36,671.71,723.14,382873119.5
2017-12-26 00:00:00.000000,721.24,840.14,731.1,753.48,721022543.95
2017-12-27 00:00:00.000000,753.44,766.53,706.67,739.94,352542483.1
2017-12-28 00:00:00.000000,739.93,741.46,671.23,716.69,437323299.68
2017-12-29 00:00:00.000000,716.69,755.2,710.2,739.6,392497843.64
2017-12-30 00:00:00.000000,739.6,741.67,663.88,692.99,455555629.24
2017-12-31 00:00:00.000000,690.91,767.31,726.31,741.27,668939244.64
2018-01-01 00:00:00.000000,741.69,766.49,718.9,757.22,689729274.59
2018-01-02 00:00:00.000000,756.17,882.61,756.17,861.97,949013949.18
2018-01-03 00:00:00.000000,861.97,951.7,847.9,941.1,778108786.12
2018-01-04 00:00:00.000000,941.0,997.44,901.03,944.83,780050914.4
2018-01-05 00:00:00.000000,944.5,1165.81,926.75,963.88,1621948065.55
2018-01-06 00:00:00.000000,963.88,1056.96,958.73,1008.36,983833688.41
2018-01-07 00:00:00.000000,1006.41,1117.84,1003.21,1117.75,602250144.77
2018-01-08 00:00:00.000000,1117.75,1228.25,967.84,1136.11,1292737991.11
2018-01-09 00:00:00.000000,1136.11,1300.3,1133.7,1289.24,986697724.1
2018-01-10 00:00:00.000000,1289.24,1385.22,1210.85,1248.99,1445484601.88
2018-01-11 00:00:00.000000,1248.96,1333.92,1100.85,1139.32,1270849838.43
2018-01-12 00:00:00.000000,1139.32,1287.06,1087.61,1261.03,704750432.94
2018-01-13 00:00:00.000000,1261.06,1422.86,1261.01,1385.02,744906594.35
2018-01-14 00:00:00.000000,1385.02,1389.32,1267.48,1359.48,610496132.15
2018-01-15 00:00:00.000000,1359.38,1381.35,1271.07,1278.69,537797572.32
2018-01-16 00:00:00.000000,1278.7,1282.27,864.23,1050.26,1931700742.0
2018-01-17 00:00:00.000000,1050.26,1115.66,764.75,1024.69,2034010888.99
2018-01-18 00:00:00.000000,1024.9,1093.9,949.56,1012.97,1117430433.28
2018-01-19 00:00:00.000000,1012.97,1083.62,982.62,1037.36,517599347.75
2018-01-20 00:00:00.000000,1037.36,1164.62,1036.82,1150.5,545646401.81
2018-01-21 00:00:00.000000,1150.5,1150.57,1008.06,1049.09,543760385.27
2018-01-22 00:00:00.000000,1049.09,1084.28,917.0,999.64,676845706.25
2018-01-23 00:00:00.000000,999.75,1020.66,908.31,984.47,660805261.99
2018-01-24 00:00:00.000000,984.48,1062.6,956.97,1061.78,521553676.55
2018-01-25 00:00:00.000000,1061.61,1102.42,1022.2,1046.37,568607934.27
2018-01-26 00:00:00.000000,1046.37,1075.59,987.13,1048.58,509049582.65
2018-01-27 00:00:00.000000,1048.58,1121.9,1033.86,1109.08,395059716.61
2018-01-28 00:00:00.000000,1109.08,1240.47,1101.62,1231.58,662174309.95
2018-01-29 00:00:00.000000,1231.57,1240.32,1151.53,1169.96,515965244.78
2018-01-30 00:00:00.000000,1169.94,1173.18,1034.72,1063.75,835962532.22
2018-01-31 00:00:00.000000,1063.77,1122.98,1020.77,1111.31,550605628.52
2018-02-01 00:00:00.000000,1111.29,1155.58,954.75,1026.19,1033001644.78
2018-02-02 00:00:00.000000,1026.19,1027.66,746.67,917.47,1606436956.8
2018-02-03 00:00:00.000000,917.47,997.6,845.18,970.87,552868551.93
2018-02-04 00:00:00.000000,970.87,971.05,781.36,827.59,666593264.45
2018-02-05 00:00:00.000000,826.34,857.82,629.08,695.08,1272929187.15
2018-02-06 00:00:00.000000,695.05,801.73,564.19,785.01,1556542861.3
2018-02-07 00:00:00.000000,785.16,858.28,718.28,751.81,895500139.13
2018-02-08 00:00:00.000000,751.86,844.86,750.02,813.55,510550202.1
2018-02-09 00:00:00.000000,813.55,880.22,781.5,877.88,469210004.25
2018-02-10 00:00:00.000000,877.66,909.32,816.09,850.75,451412405.8
2018-02-11 00:00:00.000000,850.99,853.74,780.13,811.24,308313754.16
2018-02-12 00:00:00.000000,811.17,874.85,811.09,865.27,300521830.64
2018-02-13 00:00:00.000000,865.28,867.6,823.77,840.98,256092877.9
2018-02-14 00:00:00.000000,840.99,922.37,840.87,920.11,470132510.11
2018-02-15 00:00:00.000000,920.11,947.53,905.65,927.95,454133646.5
2018-02-16 00:00:00.000000,927.95,945.36,909.41,938.02,282763877.2
2018-02-17 00:00:00.000000,937.92,974.83,934.95,974.77,276682460.01
2018-02-18 00:00:00.000000,974.78,981.48,905.96,913.9,375068724.24
2018-02-19 00:00:00.000000,913.9,955.62,911.6,939.79,218921662.11
2018-02-20 00:00:00.000000,939.79,958.86,877.28,885.52,344672330.06
2018-02-21 00:00:00.000000,885.52,906.56,818.12,840.1,445950029.99
2018-02-22 00:00:00.000000,840.19,871.32,788.92,804.63,362800754.34
2018-02-23 00:00:00.000000,804.61,882.42,787.97,854.7,340134173.18
2018-02-24 00:00:00.000000,854.7,874.72,810.64,833.49,255866976.42
2018-02-25 00:00:00.000000,833.49,849.52,818.55,840.28,171228507.8
2018-02-26 00:00:00.000000,840.28,880.12,834.06,867.62,247282448.05
2018-02-27 00:00:00.000000,868.77,904.05,865.91,871.1,399626963.81
2018-02-28 00:00:00.000000,871.1,867.06,828.51,853.31,399035131.55
2018-03-01 00:00:00.000000,853.31,905.94,868.12,872.05,368630733.52
2018-03-02 00:00:00.000000,871.73,881.35,853.3,857.06,398617272.5
2018-03-03 00:00:00.000000,857.06,890.74,855.89,855.89,382666170.06
2018-03-04 00:00:00.000000,855.89,891.25,858.34,867.2,333345981.96
2018-03-05 00:00:00.000000,867.17,865.15,838.49,845.58,358832100.49
2018-03-06 00:00:00.000000,845.21,819.97,789.7,815.14,393264235.1
2018-03-07 00:00:00.000000,815.65,825.32,726.38,751.13,354361800.99
2018-03-08 00:00:00.000000,751.13,772.51,688.84,698.83,289838564.8
2018-03-09 00:00:00.000000,698.83,730.46,642.06,726.92,409323870.51
2018-03-10 00:00:00.000000,726.76,747.82,678.65,682.3,203802606.28
2018-03-11 00:00:00.000000,682.3,735.01,663.58,720.36,206098889.64
2018-03-12 00:00:00.000000,720.37,739.87,678.13,697.02,208107856.0
2018-03-13 00:00:00.000000,697.0,714.19,679.19,689.96,194913670.75
2018-03-14 00:00:00.000000,689.96,703.38,586.7,613.15,325415119.18
2018-03-15 00:00:00.000000,613.15,620.43,572.11,610.56,342311699.48
2018-03-16 00:00:00.000000,610.66,626.13,585.16,600.53,221082941.44
2018-03-17 00:00:00.000000,600.53,609.94,543.28,549.79,208843294.98
2018-03-18 00:00:00.000000,549.79,559.93,454.18,537.38,719812876.35
2018-03-19 00:00:00.000000,537.38,559.07,515.84,555.55,418500605.22
2018-03-20 00:00:00.000000,555.55,567.0,516.78,557.57,331343470.55
2018-03-21 00:00:00.000000,557.57,590.2,545.48,559.91,277714049.38
2018-03-22 00:00:00.000000,559.91,578.01,516.22,539.89,233985932.96
2018-03-23 00:00:00.000000,539.89,543.84,506.79,543.83,225200086.3
2018-03-24 00:00:00.000000,543.84,546.01,519.51,520.16,129350391.02
2018-03-25 00:00:00.000000,520.17,535.77,513.63,523.01,111462284.91
2018-03-26 00:00:00.000000,522.97,526.2,467.48,486.25,278656813.48
2018-03-27 00:00:00.000000,486.14,491.92,446.42,448.78,328179170.99
2018-03-28 00:00:00.000000,448.78,465.2,440.35,445.93,187271233.18
2018-03-29 00:00:00.000000,445.93,448.5,380.35,383.9,472575968.96
2018-03-30 00:00:00.000000,383.96,411.17,364.99,393.82,450253373.58
2018-03-31 00:00:00.000000,393.83,421.05,389.99,394.07,243062846.9
2018-04-01 00:00:00.000000,394.07,399.59,359.22,378.85,236013242.51
2018-04-02 00:00:00.000000,378.85,394.12,375.8,384.68,156793473.63
2018-04-03 00:00:00.000000,384.68,426.84,380.71,415.93,223508235.85
2018-04-04 00:00:00.000000,415.93,417.11,370.66,378.65,223170178.92
2018-04-05 00:00:00.000000,378.65,387.56,367.15,381.36,160332018.27
2018-04-06 00:00:00.000000,381.43,385.78,363.51,370.35,133748822.09
2018-04-07 00:00:00.000000,370.35,397.1,369.66,384.98,108165642.16
2018-04-08 00:00:00.000000,384.98,404.22,384.98,400.72,107956653.97
2018-04-09 00:00:00.000000,400.72,431.23,387.98,399.02,271803047.82
2018-04-10 00:00:00.000000,399.02,418.27,391.84,415.65,129335600.11
2018-04-11 00:00:00.000000,415.65,433.44,410.97,430.42,167561896.24
2018-04-12 00:00:00.000000,430.39,498.08,414.03,493.95,450834363.9
2018-04-13 00:00:00.000000,493.95,528.95,482.1,494.96,470945268.74
2018-04-14 00:00:00.000000,494.96,514.66,487.72,502.79,191073028.98
2018-04-15 00:00:00.000000,502.79,534.31,502.79,534.15,243926045.87
2018-04-16 00:00:00.000000,534.16,537.48,499.17,511.67,249996040.92
2018-04-17 00:00:00.000000,511.67,522.07,500.48,503.03,195195626.75
2018-04-18 00:00:00.000000,503.03,526.61,501.7,525.78,178681435.05
2018-04-19 00:00:00.000000,525.78,570.18,521.83,567.25,267530654.45
2018-04-20 00:00:00.000000,567.25,622.14,557.98,617.16,410498449.5
2018-04-21 00:00:00.000000,617.17,625.15,576.09,605.17,294264369.95
2018-04-22 00:00:00.000000,605.17,644.29,591.81,621.33,270504773.22
2018-04-23 00:00:00.000000,621.33,648.41,619.57,644.13,238556831.22
2018-04-24 00:00:00.000000,644.13,711.64,644.06,703.35,538337384.08
2018-04-25 00:00:00.000000,703.4,703.9,592.59,617.73,903686072.96
2018-04-26 00:00:00.000000,617.62,665.97,600.35,661.45,387845424.34
2018-04-27 00:00:00.000000,661.41,686.05,640.74,643.33,323944620.57
2018-04-28 00:00:00.000000,643.12,693.47,640.09,683.02,238423753.67
2018-04-29 00:00:00.000000,683.02,698.95,665.28,689.31,216606354.66
2018-04-30 00:00:00.000000,689.31,693.63,663.28,670.04,248315675.69
2018-05-01 00:00:00.000000,670.04,674.62,628.29,670.81,355270695.23
2018-05-02 00:00:00.000000,670.81,690.86,662.13,686.74,255558720.87
2018-05-03 00:00:00.000000,686.74,787.57,685.92,777.62,588164727.16
2018-05-04 00:00:00.000000,777.78,804.63,759.67,784.21,427563922.79
2018-05-05 00:00:00.000000,784.19,827.44,780.08,816.58,315600160.75
2018-05-06 00:00:00.000000,816.59,834.3,753.51,790.39,374541870.07
2018-05-07 00:00:00.000000,790.39,794.86,690.91,752.4,828032480.2
2018-05-08 00:00:00.000000,752.39,775.38,720.36,747.79,380893335.71
2018-05-09 00:00:00.000000,747.79,759.91,709.78,751.27,341691727.41
2018-05-10 00:00:00.000000,751.27,767.22,722.65,723.61,287536989.76
2018-05-11 00:00:00.000000,723.63,735.97,665.49,677.8,518848404.01
2018-05-12 00:00:00.000000,677.8,690.88,638.47,683.64,324590855.24
2018-05-13 00:00:00.000000,683.64,740.02,669.96,729.34,274037817.61
2018-05-14 00:00:00.000000,729.34,741.82,685.75,727.41,453297981.45
2018-05-15 00:00:00.000000,727.41,738.53,695.3,705.64,287313625.77
2018-05-16 00:00:00.000000,705.64,710.26,676.6,706.72,251185347.62
2018-05-17 00:00:00.000000,706.71,718.31,661.81,668.38,244822300.73
2018-05-18 00:00:00.000000,668.41,694.35,657.7,693.57,238310952.16
2018-05-19 00:00:00.000000,693.57,716.86,683.0,696.05,161222563.27
2018-05-20 00:00:00.000000,696.05,722.71,687.86,715.15,165135550.67
2018-05-21 00:00:00.000000,716.45,710.37,694.96,699.84,294835584.77
2018-05-22 00:00:00.000000,696.73,698.46,638.35,640.84,287275714.36
2018-05-23 00:00:00.000000,641.12,649.59,564.32,577.01,549177930.28
2018-05-24 00:00:00.000000,577.01,609.0,544.19,602.59,426679791.16
2018-05-25 00:00:00.000000,602.66,615.92,568.65,584.77,281427114.77
2018-05-26 00:00:00.000000,584.77,607.81,578.43,585.76,146794781.23
2018-05-27 00:00:00.000000,585.76,590.88,555.2,569.64,223422108.46
2018-05-28 00:00:00.000000,569.64,574.52,500.81,512.03,387811928.1
2018-05-29 00:00:00.000000,512.03,572.47,510.91,566.59,348565933.16
2018-05-30 00:00:00.000000,566.7,585.23,542.08,557.12,254739325.61
2018-05-31 00:00:00.000000,557.12,585.92,553.42,577.23,236501539.67
2018-06-01 00:00:00.000000,577.23,589.26,564.46,579.01,202265552.5
2018-06-02 00:00:00.000000,579.01,599.53,574.36,590.53,171480785.55
2018-06-03 00:00:00.000000,590.53,628.06,590.3,619.04,157840093.86
2018-06-04 00:00:00.000000,619.03,625.95,580.07,591.31,201486274.14
2018-06-05 00:00:00.000000,591.31,612.99,576.47,608.23,193989055.5
2018-06-06 00:00:00.000000,608.2,611.67,593.1,606.3,158835369.59
2018-06-07 00:00:00.000000,606.3,616.0,598.6,604.44,170556871.85
2018-06-08 00:00:00.000000,605.56,604.79,596.7,600.67,256868828.86
2018-06-09 00:00:00.000000,600.67,596.51,590.65,594.86,250081141.71
2018-06-10 00:00:00.000000,593.35,593.35,501.68,524.74,345313063.24
2018-06-11 00:00:00.000000,524.73,535.79,509.82,531.15,264673809.14
2018-06-12 00:00:00.000000,531.15,539.34,484.7,494.53,279956302.81
2018-06-13 00:00:00.000000,494.53,501.67,450.05,476.3,357167683.26
2018-06-14 00:00:00.000000,476.3,526.64,460.01,519.83,440112742.52
2018-06-15 00:00:00.000000,519.83,521.18,483.02,487.51,255304825.57
2018-06-16 00:00:00.000000,487.51,503.28,483.99,497.22,119611543.34
2018-06-17 00:00:00.000000,498.14,500.48,493.57,496.93,235070149.99
2018-06-18 00:00:00.000000,496.84,524.65,487.72,517.63,172442291.23
2018-06-19 00:00:00.000000,517.63,547.94,515.02,538.45,197307560.17
2018-06-20 00:00:00.000000,538.45,541.8,517.15,536.16,176897556.23
2018-06-21 00:00:00.000000,536.44,540.34,520.04,525.76,293559267.69
2018-06-22 00:00:00.000000,525.74,525.84,450.04,462.16,364779786.29
2018-06-23 00:00:00.000000,462.16,481.06,456.24,474.18,139553623.02
2018-06-24 00:00:00.000000,474.18,476.19,421.01,455.25,315576348.72
2018-06-25 00:00:00.000000,455.25,473.27,445.53,458.82,212246797.67
2018-06-26 00:00:00.000000,458.81,461.18,429.38,429.58,204035202.41
2018-06-27 00:00:00.000000,429.89,446.12,419.84,441.75,182343321.78
2018-06-28 00:00:00.000000,441.75,443.51,417.62,420.72,149788331.82
2018-06-29 00:00:00.000000,420.7,441.87,405.01,435.25,227564744.34
2018-06-30 00:00:00.000000,435.26,462.56,435.16,453.42,168467579.81
2018-07-01 00:00:00.000000,453.56,453.56,447.66,451.09,208187546.62
2018-07-02 00:00:00.000000,451.96,481.83,444.31,476.58,195332556.42
2018-07-03 00:00:00.000000,476.58,486.76,459.78,461.95,182372293.25
2018-07-04 00:00:00.000000,461.79,481.79,451.46,467.19,163295006.64
2018-07-05 00:00:00.000000,467.19,478.44,458.37,467.55,182403445.13
2018-07-06 00:00:00.000000,467.55,475.67,451.95,469.93,139284675.17
2018-07-07 00:00:00.000000,469.93,489.33,461.85,485.81,119595512.22
2018-07-08 00:00:00.000000,485.82,495.23,482.23,486.19,133102164.85
2018-07-09 00:00:00.000000,486.19,487.91,469.0,471.48,137591337.89
2018-07-10 00:00:00.000000,471.48,473.06,427.82,432.69,250532493.85
2018-07-11 00:00:00.000000,432.69,447.09,425.13,445.59,141230265.35
2018-07-12 00:00:00.000000,445.94,439.25,430.12,431.12,304661945.46
2018-07-13 00:00:00.000000,431.13,438.52,429.42,432.97,441417097.33
2018-07-14 00:00:00.000000,432.96,438.69,433.73,434.42,427808808.57
2018-07-15 00:00:00.000000,434.39,452.24,440.09,450.34,406351224.28
2018-07-16 00:00:00.000000,450.4,484.04,473.12,480.2,501160123.06
2018-07-17 00:00:00.000000,480.2,523.27,498.95,499.83,637218460.6
2018-07-18 00:00:00.000000,499.83,506.8,476.82,479.85,701451796.55
2018-07-19 00:00:00.000000,479.77,487.08,467.94,468.91,503177807.26
2018-07-20 00:00:00.000000,468.89,460.28,443.63,449.13,504014253.33
2018-07-21 00:00:00.000000,449.13,468.17,451.66,461.13,350061167.46
2018-07-22 00:00:00.000000,461.13,464.49,454.79,457.98,366940894.62
2018-07-23 00:00:00.000000,457.9,477.74,447.64,449.73,372528398.55
2018-07-24 00:00:00.000000,449.73,497.45,475.79,478.39,549786533.58
2018-07-25 00:00:00.000000,478.39,475.34,461.21,471.99,461543419.25
2018-07-26 00:00:00.000000,472.0,466.79,457.19,462.98,402683586.82
2018-07-27 00:00:00.000000,463.05,482.79,464.38,469.94,316551280.56
2018-07-28 00:00:00.000000,469.94,473.36,466.85,468.75,307304708.38
2018-07-29 00:00:00.000000,468.66,469.26,464.91,466.3,302088737.1
2018-07-30 00:00:00.000000,466.3,466.28,454.51,456.22,434017720.46
2018-07-31 00:00:00.000000,456.31,434.57,420.88,431.71,351353991.41
2018-08-01 00:00:00.000000,431.97,435.63,407.92,419.87,180870688.86
2018-08-02 00:00:00.000000,420.27,419.05,409.1,411.36,379881312.39
2018-08-03 00:00:00.000000,411.28,418.65,403.52,417.76,353047478.91
2018-08-04 00:00:00.000000,417.76,411.18,386.19,407.32,301931009.33
2018-08-05 00:00:00.000000,407.32,412.33,406.35,409.37,293842254.25
2018-08-06 00:00:00.000000,409.38,407.23,400.63,405.7,285802073.75
2018-08-07 00:00:00.000000,405.7,393.04,372.26,378.32,354474623.82
2018-08-08 00:00:00.000000,377.94,380.36,347.7,355.57,268260157.35
2018-08-09 00:00:00.000000,355.67,373.88,363.22,364.33,351605181.28
2018-08-10 00:00:00.000000,364.33,347.3,330.44,332.28,399736298.56
2018-08-11 00:00:00.000000,332.26,337.66,311.88,318.62,439604301.32
2018-08-12 00:00:00.000000,318.62,326.07,317.92,318.55,351826518.53
2018-08-13 00:00:00.000000,318.21,322.3,281.06,284.03,221289324.59
2018-08-14 00:00:00.000000,284.03,284.03,250.45,278.31,331398930.74
2018-08-15 00:00:00.000000,278.31,304.72,276.86,281.24,278662361.27
2018-08-16 00:00:00.000000,281.24,298.84,278.02,286.8,153825432.04
2018-08-17 00:00:00.000000,286.8,318.31,285.34,317.57,221725330.97
2018-08-18 00:00:00.000000,317.57,321.17,283.02,294.85,161954925.25
2018-08-19 00:00:00.000000,294.73,308.33,296.43,300.53,296397938.73
2018-08-20 00:00:00.000000,300.6,291.74,269.79,271.61,307550133.58
2018-08-21 00:00:00.000000,271.62,285.93,275.87,281.78,290443104.43
2018-08-22 00:00:00.000000,281.13,299.0,259.61,270.37,212669541.08
2018-08-23 00:00:00.000000,270.62,282.02,274.44,276.66,258655205.59
2018-08-24 00:00:00.000000,276.67,284.46,279.9,282.04,332746155.15
2018-08-25 00:00:00.000000,281.98,283.89,277.61,278.22,267771441.99
2018-08-26 00:00:00.000000,278.22,277.22,273.46,274.81,350431503.6
2018-08-27 00:00:00.000000,274.81,288.32,281.75,287.9,351281578.75
2018-08-28 00:00:00.000000,287.91,297.06,289.19,296.21,371030937.14
2018-08-29 00:00:00.000000,296.14,295.48,288.57,289.2,330652824.01
2018-08-30 00:00:00.000000,289.19,288.7,280.02,284.57,343178582.16
2018-08-31 00:00:00.000000,284.57,286.42,274.82,282.06,311291530.07
2018-09-01 00:00:00.000000,282.06,300.24,277.84,295.77,282823839.63
2018-09-02 00:00:00.000000,295.77,301.91,293.07,295.12,285941271.68
2018-09-03 00:00:00.000000,295.12,294.44,287.31,289.42,339899082.77
2018-09-04 00:00:00.000000,289.42,294.5,284.03,285.73,283130619.79
2018-09-05 00:00:00.000000,285.23,287.54,226.12,228.27,279599544.57
2018-09-06 00:00:00.000000,228.27,232.78,211.18,229.52,273642406.8
2018-09-07 00:00:00.000000,229.8,229.8,215.31,215.69,317001424.27
2018-09-08 00:00:00.000000,215.74,213.16,192.45,197.23,342269080.57
2018-09-09 00:00:00.000000,196.77,208.38,185.01,195.99,158079940.67
2018-09-10 00:00:00.000000,195.78,202.45,189.92,197.2,303974212.47
2018-09-11 00:00:00.000000,197.13,199.12,175.96,185.15,175106713.96
2018-09-12 00:00:00.000000,185.15,185.15,167.6,183.03,245547248.93
2018-09-13 00:00:00.000000,183.03,214.92,183.03,211.27,329648784.19
2018-09-14 00:00:00.000000,211.27,223.98,202.8,208.87,312268002.01
2018-09-15 00:00:00.000000,208.87,227.67,208.38,221.63,168167381.91
2018-09-16 00:00:00.000000,221.62,223.42,207.9,220.12,129504097.06
2018-09-17 00:00:00.000000,220.12,225.58,192.51,196.04,334881838.36
2018-09-18 00:00:00.000000,196.04,214.68,194.0,208.39,208223203.44
2018-09-19 00:00:00.000000,208.39,215.34,197.43,209.78,209614073.37
2018-09-20 00:00:00.000000,209.78,228.89,206.97,224.76,179337694.48
2018-09-21 00:00:00.000000,224.76,252.21,221.25,247.69,324152515.33
2018-09-22 00:00:00.000000,247.83,250.66,236.22,240.79,409452093.96
2018-09-23 00:00:00.000000,240.79,246.59,237.68,244.51,397419376.76
2018-09-24 00:00:00.000000,244.52,240.83,226.14,228.05,374933135.5
2018-09-25 00:00:00.000000,227.92,227.92,202.9,219.2,274370639.08
2018-09-26 00:00:00.000000,219.2,222.62,207.31,214.21,167260754.49
2018-09-27 00:00:00.000000,214.21,234.2,210.05,229.09,175768934.72
2018-09-28 00:00:00.000000,229.09,234.06,214.97,221.56,196588546.04
2018-09-29 00:00:00.000000,221.56,237.16,213.33,231.32,169490766.55
2018-09-30 00:00:00.000000,231.59,237.33,229.58,232.82,293929555.6
2018-10-01 00:00:00.000000,232.89,233.0,227.66,230.96,214943264.91
2018-10-02 00:00:00.000000,230.96,228.91,224.93,225.59,253977370.59
2018-10-03 00:00:00.000000,225.59,224.57,218.14,220.02,274098108.31
2018-10-04 00:00:00.000000,220.03,225.42,221.02,222.2,280874068.18
2018-10-05 00:00:00.000000,222.21,230.03,222.53,228.17,292340594.21
2018-10-06 00:00:00.000000,228.17,227.29,223.99,225.05,226441423.93
2018-10-07 00:00:00.000000,225.05,226.29,223.91,226.02,242163119.88
2018-10-08 00:00:00.000000,226.03,230.49,226.24,229.23,275169500.71
2018-10-09 00:00:00.000000,229.23,229.53,226.94,227.67,270655286.62
2018-10-10 00:00:00.000000,227.67,226.52,224.41,225.2,270423278.34
2018-10-11 00:00:00.000000,225.26,225.26,186.88,189.83,280686354.91
2018-10-12 00:00:00.000000,190.32,198.15,191.59,195.71,259967593.22
2018-10-13 00:00:00.000000,195.75,200.55,195.66,199.3,215324446.91
2018-10-14 00:00:00.000000,199.3,200.13,193.92,194.92,209424639.04
2018-10-15 00:00:00.000000,194.99,232.03,192.88,210.8,352120919.31
2018-10-16 00:00:00.000000,209.89,210.59,207.7,209.67,259593356.15
2018-10-17 00:00:00.000000,209.6,210.32,207.16,207.75,255940199.65
2018-10-18 00:00:00.000000,207.81,205.82,201.09,202.25,221799891.23
2018-10-19 00:00:00.000000,202.27,203.46,200.94,203.01,151832262.46
2018-10-20 00:00:00.000000,203.01,206.08,203.28,204.97,149570216.48
2018-10-21 00:00:00.000000,204.97,207.27,204.67,205.0,163617144.5
2018-10-22 00:00:00.000000,205.0,204.74,203.12,203.64,191508315.64
2018-10-23 00:00:00.000000,203.67,205.56,201.22,203.29,177173032.3
2018-10-24 00:00:00.000000,203.31,204.71,202.25,202.58,168240717.09
2018-10-25 00:00:00.000000,202.59,202.28,200.93,201.7,176755399.67
2018-10-26 00:00:00.000000,201.7,204.31,200.95,202.43,169491166.29
2018-10-27 00:00:00.000000,202.43,203.55,202.52,203.29,162718697.85
2018-10-28 00:00:00.000000,203.29,204.67,203.12,204.54,153707591.53
2018-10-29 00:00:00.000000,204.54,200.21,195.23,195.92,215314502.6
2018-10-30 00:00:00.000000,195.94,197.1,195.39,196.65,245233441.42
2018-10-31 00:00:00.000000,196.65,198.33,196.24,198.02,238281673.83
2018-11-01 00:00:00.000000,198.02,199.61,198.52,198.97,233664637.3
2018-11-02 00:00:00.000000,198.97,202.14,197.79,201.11,203212853.44
2018-11-03 00:00:00.000000,201.11,200.79,199.52,199.9,160790602.79
2018-11-04 00:00:00.000000,199.9,216.71,202.29,211.54,240039049.53
2018-11-05 00:00:00.000000,211.54,210.83,207.42,209.55,221169670.15
2018-11-06 00:00:00.000000,209.54,219.6,210.14,219.34,266382838.22
2018-11-07 00:00:00.000000,219.34,222.21,216.85,217.44,295458250.74
2018-11-08 00:00:00.000000,217.48,215.81,211.56,211.69,234738959.81
2018-11-09 00:00:00.000000,211.69,211.11,208.31,209.52,199608128.23
2018-11-10 00:00:00.000000,209.52,213.13,209.93,212.04,196079456.84
2018-11-11 00:00:00.000000,212.04,212.75,210.32,211.66,219760467.39
2018-11-12 00:00:00.000000,211.66,211.08,208.98,210.31,199753463.08
2018-11-13 00:00:00.000000,210.31,209.38,205.2,205.9,193734382.99
2018-11-14 00:00:00.000000,206.43,208.15,171.51,182.72,318920969.0
2018-11-15 00:00:00.000000,182.72,185.67,168.57,181.53,206578170.27
2018-11-16 00:00:00.000000,180.89,179.65,174.63,174.96,333375893.36
2018-11-17 00:00:00.000000,175.04,175.92,173.25,174.47,297438902.54
2018-11-18 00:00:00.000000,174.44,179.01,174.47,177.39,271156395.11
2018-11-19 00:00:00.000000,177.55,177.58,144.85,148.22,300853051.45
2018-11-20 00:00:00.000000,148.22,152.22,124.36,130.74,427274827.74
2018-11-21 00:00:00.000000,130.74,139.42,124.5,136.5,228871551.23
2018-11-22 00:00:00.000000,136.23,129.1,125.04,125.08,287547275.65
2018-11-23 00:00:00.000000,124.83,127.14,118.18,123.37,174492308.72
2018-11-24 00:00:00.000000,122.92,113.12,108.49,112.66,266514785.32
2018-11-25 00:00:00.000000,112.74,120.55,100.96,116.75,253590457.32
2018-11-26 00:00:00.000000,116.68,119.22,104.87,108.87,181319493.57
2018-11-27 00:00:00.000000,108.51,110.87,106.28,109.87,309080721.8
2018-11-28 00:00:00.000000,110.21,126.71,110.2,122.88,181557557.02
2018-11-29 00:00:00.000000,122.83,123.89,117.5,117.76,278297083.78
2018-11-30 00:00:00.000000,117.76,114.2,109.62,112.91,248836912.67
2018-12-01 00:00:00.000000,112.91,120.68,116.82,118.24,252048473.51
2018-12-02 00:00:00.000000,118.25,117.44,115.57,116.24,237903787.16
2018-12-03 00:00:00.000000,116.24,109.95,107.24,108.32,214426131.6
2018-12-04 00:00:00.000000,108.32,110.87,109.49,109.77,224414144.86
2018-12-05 00:00:00.000000,109.77,104.13,101.74,101.85,253680250.52
2018-12-06 00:00:00.000000,101.57,104.06,90.05,90.43,175524704.83
2018-12-07 00:00:00.000000,90.43,97.75,82.08,93.61,235077885.79
2018-12-08 00:00:00.000000,93.55,97.33,88.4,91.68,252498136.59
2018-12-09 00:00:00.000000,91.68,96.97,93.92,94.49,237216006.74
2018-12-10 00:00:00.000000,94.49,91.64,89.66,90.77,204658543.53
2018-12-11 00:00:00.000000,90.77,90.2,87.58,88.32,241312257.83
2018-12-12 00:00:00.000000,88.32,91.57,90.03,90.38,234871157.53
2018-12-13 00:00:00.000000,90.38,87.72,85.47,86.4,223743147.88
2018-12-14 00:00:00.000000,86.4,85.09,83.73,84.12,248636381.72
2018-12-15 00:00:00.000000,84.12,84.53,83.69,84.3,175388688.31
2018-12-16 00:00:00.000000,84.3,86.89,84.9,85.39,183329476.38
2018-12-17 00:00:00.000000,85.39,96.16,92.89,95.06,280751231.88
2018-12-18 00:00:00.000000,95.06,102.19,98.21,101.93,324514621.86
2018-12-19 00:00:00.000000,102.44,109.23,99.85,100.63,172185010.13
2018-12-20 00:00:00.000000,100.63,118.89,99.75,116.43,197572100.76
2018-12-21 00:00:00.000000,116.31,112.21,107.53,109.4,328341422.07
2018-12-22 00:00:00.000000,109.4,118.65,112.58,117.72,301382099.02
2018-12-23 00:00:00.000000,117.72,132.29,116.58,131.45,490520819.94
2018-12-24 00:00:00.000000,131.56,161.25,131.53,140.87,385949928.24
2018-12-25 00:00:00.000000,140.87,141.84,124.03,130.99,225626016.68
2018-12-26 00:00:00.000000,130.53,135.94,128.7,131.71,318122267.38
2018-12-27 00:00:00.000000,132.61,133.94,114.67,116.72,162270992.08
2018-12-28 00:00:00.000000,116.72,141.13,115.35,139.73,198667294.58
2018-12-29 00:00:00.000000,139.36,141.86,130.16,137.04,377506453.13
2018-12-30 00:00:00.000000,137.04,142.13,136.87,141.04,312978555.89
2018-12-31 00:00:00.000000,141.04,135.99,132.58,133.14,248732768.88
2019-01-01 00:00:00.000000,133.14,145.16,137.2,141.9,233479141.71
2019-01-02 00:00:00.000000,141.9,158.28,144.7,156.1,371269897.05
2019-01-03 00:00:00.000000,156.1,152.9,146.61,149.1,277765127.55
2019-01-04 00:00:00.000000,149.44,158.8,147.32,156.04,161910054.26
2019-01-05 00:00:00.000000,155.39,160.54,154.6,156.22,361556453.37
2019-01-06 00:00:00.000000,156.22,166.94,157.63,158.29,337674567.87
2019-01-07 00:00:00.000000,158.29,156.71,151.32,152.25,292618297.25
2019-01-08 00:00:00.000000,152.25,152.42,149.02,150.68,272649472.92
2019-01-09 00:00:00.000000,150.68,153.31,150.52,151.21,250584005.29
2019-01-10 00:00:00.000000,151.17,152.75,124.07,127.96,197435643.47
2019-01-11 00:00:00.000000,127.87,129.45,123.91,126.99,281911403.63
2019-01-12 00:00:00.000000,126.99,128.07,125.36,126.05,237024861.67
2019-01-13 00:00:00.000000,126.05,122.3,115.1,116.66,231684768.11
2019-01-14 00:00:00.000000,116.66,131.08,121.52,129.71,341614141.96
2019-01-15 00:00:00.000000,129.71,128.52,119.43,121.38,315354770.98
2019-01-16 00:00:00.000000,121.38,126.34,121.56,123.31,291968486.6
2019-01-17 00:00:00.000000,123.31,125.01,122.13,124.05,264721632.8
2019-01-18 00:00:00.000000,124.05,122.9,120.35,120.79,226359715.29
2019-01-19 00:00:00.000000,120.79,125.51,123.49,124.8,251849865.06
2019-01-20 00:00:00.000000,124.8,119.48,117.81,118.48,244777590.01
2019-01-21 00:00:00.000000,118.48,118.66,115.73,117.12,215217071.74
2019-01-22 00:00:00.000000,117.12,119.23,116.02,118.83,237669196.71
2019-01-23 00:00:00.000000,118.83,118.31,116.48,117.09,219510643.18
2019-01-24 00:00:00.000000,117.09,118.07,116.3,117.28,247242854.39
2019-01-25 00:00:00.000000,117.28,117.88,115.58,115.73,227206824.52
2019-01-26 00:00:00.000000,115.73,116.99,115.7,116.38,199822606.41
2019-01-27 00:00:00.000000,116.38,115.51,112.59,112.59,246426257.58
2019-01-28 00:00:00.000000,112.59,109.61,103.15,106.02,334702524.63
2019-01-29 00:00:00.000000,106.02,105.9,103.4,104.74,267061143.7
2019-01-30 00:00:00.000000,104.74,109.32,105.72,108.52,255069282.26
2019-01-31 00:00:00.000000,108.52,108.79,105.77,106.46,216167209.46
2019-02-01 00:00:00.000000,106.46,107.62,105.55,106.72,181284401.27
2019-02-02 00:00:00.000000,106.72,110.8,107.93,110.56,178591389.32
2019-02-03 00:00:00.000000,110.56,109.11,106.56,107.04,201513208.57
2019-02-04 00:00:00.000000,107.04,107.54,105.92,106.61,219639134.47
2019-02-05 00:00:00.000000,106.61,107.33,106.29,106.57,193388823.47
2019-02-06 00:00:00.000000,106.57,105.11,101.78,104.26,217093048.52
2019-02-07 00:00:00.000000,104.26,104.57,103.42,103.69,191171285.65
2019-02-08 00:00:00.000000,103.69,120.6,112.03,119.24,324625659.62
2019-02-09 00:00:00.000000,119.24,120.34,118.15,118.84,235649298.47
2019-02-10 00:00:00.000000,118.84,125.85,118.11,125.22,280769964.49
2019-02-11 00:00:00.000000,125.22,122.79,119.14,120.26,356948136.07
2019-02-12 00:00:00.000000,120.26,122.34,119.41,121.87,312802200.01
2019-02-13 00:00:00.000000,121.87,124.04,121.12,121.73,330761711.96
2019-02-14 00:00:00.000000,121.73,123.27,120.4,120.44,250608706.8
2019-02-15 00:00:00.000000,120.44,122.29,120.09,120.71,294935529.25
2019-02-16 00:00:00.000000,120.71,123.42,121.0,122.62,273783279.05
2019-02-17 00:00:00.000000,122.62,135.38,124.3,133.99,408559701.23
2019-02-18 00:00:00.000000,133.99,149.54,141.99,146.29,516892615.35
2019-02-19 00:00:00.000000,146.29,148.89,143.9,144.06,493153101.44
2019-02-20 00:00:00.000000,144.06,149.27,143.3,148.87,443335964.75
2019-02-21 00:00:00.000000,148.87,147.48,143.98,145.55,343085269.95
2019-02-22 00:00:00.000000,145.55,148.9,145.96,148.19,345274199.76
2019-02-23 00:00:00.000000,148.19,161.57,153.52,158.99,456327163.14
2019-02-24 00:00:00.000000,158.99,149.24,133.21,133.21,541052570.23
2019-02-25 00:00:00.000000,133.21,141.28,135.75,138.52,540929236.18
2019-02-26 00:00:00.000000,138.52,137.71,135.08,136.68,403906085.7
2019-02-27 00:00:00.000000,136.68,139.82,132.08,135.45,467431921.29
2019-02-28 00:00:00.000000,135.45,137.3,134.28,135.69,475891088.62
2019-03-01 00:00:00.000000,135.69,137.09,135.21,135.56,330159759.2
2019-03-02 00:00:00.000000,135.56,136.42,132.0,133.23,364630052.18
2019-03-03 00:00:00.000000,133.23,133.89,129.54,130.72,395176432.49
2019-03-04 00:00:00.000000,130.72,128.06,124.7,126.19,510427922.11
2019-03-05 00:00:00.000000,126.19,137.65,130.71,137.26,563233224.87
2019-03-06 00:00:00.000000,137.26,139.42,135.78,137.83,510295746.82
2019-03-07 00:00:00.000000,137.83,139.08,136.71,137.09,492561930.9
2019-03-08 00:00:00.000000,137.09,136.97,132.6,133.72,516297592.21
2019-03-09 00:00:00.000000,133.72,139.2,136.16,137.46,654346420.66
2019-03-10 00:00:00.000000,137.46,137.27,135.23,135.89,618882510.73
2019-03-11 00:00:00.000000,135.89,134.19,132.1,132.75,525057139.92
2019-03-12 00:00:00.000000,132.75,134.97,131.16,133.69,570039062.82
2019-03-13 00:00:00.000000,133.69,133.46,131.83,132.14,479696040.47
2019-03-14 00:00:00.000000,132.14,133.48,131.7,132.28,484598445.78
2019-03-15 00:00:00.000000,132.28,137.45,133.83,136.66,583666428.65
2019-03-16 00:00:00.000000,136.66,143.64,140.1,141.71,588456982.06
2019-03-17 00:00:00.000000,141.71,140.69,138.53,139.21,428711369.9
2019-03-18 00:00:00.000000,139.21,140.33,137.42,137.66,505988400.31
2019-03-19 00:00:00.000000,137.66,140.0,138.51,138.83,410911826.38
2019-03-20 00:00:00.000000,138.83,140.08,135.21,139.51,479746173.14
2019-03-21 00:00:00.000000,139.51,137.65,135.14,135.34,429463619.13
2019-03-22 00:00:00.000000,135.34,137.15,135.19,136.47,490834531.25
2019-03-23 00:00:00.000000,136.47,138.05,136.45,137.25,414921651.66
2019-03-24 00:00:00.000000,137.25,136.96,135.44,136.2,406092493.2
2019-03-25 00:00:00.000000,136.2,134.26,132.26,133.55,490150261.65
2019-03-26 00:00:00.000000,133.55,134.67,133.4,134.0,512803193.25
2019-03-27 00:00:00.000000,134.0,139.91,137.48,139.71,463859901.26
2019-03-28 00:00:00.000000,139.71,139.46,137.64,138.17,360079362.31
2019-03-29 00:00:00.000000,138.17,143.61,140.28,143.49,388164486.74
2019-03-30 00:00:00.000000,143.49,145.62,141.5,142.57,401929227.82
2019-03-31 00:00:00.000000,142.57,142.59,140.82,141.81,348447809.47
2019-04-01 00:00:00.000000,141.81,143.51,140.61,141.52,372212036.51
2019-04-02 00:00:00.000000,141.52,167.67,155.55,165.02,887226842.02
2019-04-03 00:00:00.000000,165.02,173.63,157.01,161.19,1021372943.94
2019-04-04 00:00:00.000000,161.19,160.08,154.62,157.77,931278063.8
2019-04-05 00:00:00.000000,157.77,168.27,161.56,166.31,676449184.13
2019-04-06 00:00:00.000000,166.31,168.81,163.45,165.98,610081433.69
2019-04-07 00:00:00.000000,165.98,176.84,168.99,175.23,723860882.3
2019-04-08 00:00:00.000000,175.23,186.35,178.15,180.74,982257918.76
2019-04-09 00:00:00.000000,180.74,179.08,175.49,176.27,744921064.59
2019-04-10 00:00:00.000000,176.27,184.61,174.66,177.43,779905569.97
2019-04-11 00:00:00.000000,177.43,168.52,162.61,165.14,678135751.74
2019-04-12 00:00:00.000000,165.14,166.77,163.93,164.34,579717122.14
2019-04-13 00:00:00.000000,164.34,165.07,162.68,164.11,419488385.19
2019-04-14 00:00:00.000000,164.11,168.66,165.87,168.19,410659242.92
2019-04-15 00:00:00.000000,168.19,164.47,157.31,160.29,471248886.63
2019-04-16 00:00:00.000000,160.29,168.43,165.51,166.65,431051631.58
2019-04-17 00:00:00.000000,166.65,167.61,165.57,166.83,483563621.54
2019-04-18 00:00:00.000000,166.83,175.99,168.0,174.19,580507688.82
2019-04-19 00:00:00.000000,174.19,175.18,172.05,173.91,594715862.71
2019-04-20 00:00:00.000000,173.91,176.46,172.14,173.95,499377592.66
2019-04-21 00:00:00.000000,173.95,173.55,168.93,170.1,538958886.59
2019-04-22 00:00:00.000000,170.1,174.95,171.66,171.77,533034241.1
2019-04-23 00:00:00.000000,171.77,176.48,170.22,170.6,631247553.1
2019-04-24 00:00:00.000000,170.6,168.11,162.06,166.04,640568932.45
2019-04-25 00:00:00.000000,166.04,157.46,151.47,152.97,566583639.01
2019-04-26 00:00:00.000000,152.97,156.34,153.1,155.61,664745100.27
2019-04-27 00:00:00.000000,155.61,158.82,154.74,157.09,499650658.23
2019-04-28 00:00:00.000000,157.48,158.75,156.75,156.75,512017509.14
2019-04-29 00:00:00.000000,156.75,156.41,153.47,155.1,600216907.48
2019-04-30 00:00:00.000000,155.1,162.98,158.38,162.66,628938767.92
2019-05-01 00:00:00.000000,162.66,165.03,159.69,160.45,592360037.63
2019-05-02 00:00:00.000000,160.45,164.53,160.35,162.05,562923879.73
2019-05-03 00:00:00.000000,162.05,169.78,162.53,167.42,758920968.96
2019-05-04 00:00:00.000000,167.42,170.53,163.52,163.87,608566255.33
2019-05-05 00:00:00.000000,163.87,164.61,161.6,163.45,561246835.97
2019-05-06 00:00:00.000000,163.45,176.64,161.75,173.08,776787094.64
2019-05-07 00:00:00.000000,173.08,182.44,168.13,168.36,831030599.03
2019-05-08 00:00:00.000000,168.36,174.62,170.36,171.26,582840013.13
2019-05-09 00:00:00.000000,171.26,176.21,168.37,170.41,671950641.49
2019-05-10 00:00:00.000000,170.41,178.6,171.61,172.44,830217078.43
2019-05-11 00:00:00.000000,172.44,205.96,183.95,192.73,1490463311.39
2019-05-12 00:00:00.000000,192.73,190.0,182.74,188.19,1063997805.21
2019-05-13 00:00:00.000000,188.19,212.41,192.66,196.02,1058688204.43
2019-05-14 00:00:00.000000,196.02,221.53,198.23,217.3,1323964324.4
2019-05-15 00:00:00.000000,217.3,250.34,222.19,248.62,1634933324.11
2019-05-16 00:00:00.000000,248.62,273.23,238.66,264.57,1951751255.6
2019-05-17 00:00:00.000000,264.57,249.84,232.95,244.75,1295140504.82
2019-05-18 00:00:00.000000,244.75,243.12,232.51,234.04,719515504.6
2019-05-19 00:00:00.000000,234.04,265.38,259.15,260.71,792664187.01
2019-05-20 00:00:00.000000,260.71,257.7,248.83,252.43,738034002.31
2019-05-21 00:00:00.000000,252.43,260.06,250.76,254.73,749567073.96
2019-05-22 00:00:00.000000,254.73,248.64,239.94,243.6,702468322.2
2019-05-23 00:00:00.000000,243.6,252.84,242.36,245.51,707377987.09
2019-05-24 00:00:00.000000,245.51,253.09,248.13,249.65,660051716.43
2019-05-25 00:00:00.000000,249.65,256.84,250.4,251.61,663540965.23
2019-05-26 00:00:00.000000,251.61,273.74,263.44,267.98,769125395.58
2019-05-27 00:00:00.000000,267.98,275.77,267.07,271.9,770352433.68
2019-05-28 00:00:00.000000,271.9,274.56,267.49,271.16,673868828.05
2019-05-29 00:00:00.000000,271.16,271.81,267.39,269.38,569336656.47
2019-05-30 00:00:00.000000,269.38,273.94,247.29,254.66,888919581.13
2019-05-31 00:00:00.000000,254.66,268.06,258.74,267.81,705141146.06
2019-06-01 00:00:00.000000,267.81,274.64,263.95,264.63,587463132.92
2019-06-02 00:00:00.000000,264.63,273.41,268.25,269.3,436393898.24
2019-06-03 00:00:00.000000,269.3,252.36,246.44,249.85,560664230.33
2019-06-04 00:00:00.000000,249.85,242.38,235.54,241.0,480046287.2
2019-06-05 00:00:00.000000,241.0,248.0,240.98,246.2,409428797.44
2019-06-06 00:00:00.000000,246.2,250.46,244.37,249.45,396643045.51
2019-06-07 00:00:00.000000,249.45,256.64,249.2,249.68,436392667.05
2019-06-08 00:00:00.000000,249.68,248.57,244.12,244.52,355518816.28
2019-06-09 00:00:00.000000,244.52,236.56,229.3,231.44,438297331.78
2019-06-10 00:00:00.000000,231.44,249.05,242.39,247.93,441524451.41
2019-06-11 00:00:00.000000,247.93,247.18,243.14,245.28,431595398.61
2019-06-12 00:00:00.000000,245.28,263.13,252.34,262.96,476376751.84
2019-06-13 00:00:00.000000,262.96,265.68,253.9,255.22,480634410.27
2019-06-14 00:00:00.000000,255.22,271.16,262.91,263.77,517973327.36
2019-06-15 00:00:00.000000,263.77,273.22,267.38,269.06,433542241.87
2019-06-16 00:00:00.000000,269.06,273.33,263.81,268.48,538227592.91
2019-06-17 00:00:00.000000,268.48,279.71,271.58,274.01,531768182.12
2019-06-18 00:00:00.000000,274.01,267.55,262.1,264.55,533637693.55
2019-06-19 00:00:00.000000,264.55,273.03,268.3,268.95,478605493.28
2019-06-20 00:00:00.000000,268.95,277.24,267.7,271.9,595580698.66
2019-06-21 00:00:00.000000,271.9,304.73,291.34,295.94,924121483.27
2019-06-22 00:00:00.000000,295.94,317.59,297.6,309.57,1021113047.88
2019-06-23 00:00:00.000000,309.57,319.49,305.49,307.22,627034406.46
2019-06-24 00:00:00.000000,307.22,315.73,309.11,311.1,652783581.27
2019-06-25 00:00:00.000000,311.1,331.19,315.82,316.17,787327800.84
2019-06-26 00:00:00.000000,316.17,356.54,327.09,334.45,1668946361.31
2019-06-27 00:00:00.000000,334.45,304.51,286.44,293.91,1358301432.01
2019-06-28 00:00:00.000000,293.91,334.45,308.51,309.62,1074691127.45
2019-06-29 00:00:00.000000,309.62,321.7,297.1,317.78,971430380.51
2019-06-30 00:00:00.000000,317.78,291.52,280.86,290.55,880899282.02
2019-07-01 00:00:00.000000,290.55,296.25,282.38,294.14,882191267.14
2019-07-02 00:00:00.000000,294.14,306.78,288.02,291.6,816238425.59
2019-07-03 00:00:00.000000,291.6,322.31,301.94,302.18,819487944.53
2019-07-04 00:00:00.000000,302.18,285.27,277.35,282.93,645008552.75
2019-07-05 00:00:00.000000,282.93,290.33,276.81,288.02,683730773.75
2019-07-06 00:00:00.000000,288.02,294.83,285.05,287.97,596794948.95
2019-07-07 00:00:00.000000,287.97,310.49,293.4,306.48,591115586.49
2019-07-08 00:00:00.000000,306.48,331.01,310.6,313.18,693677708.29
2019-07-09 00:00:00.000000,313.18,320.08,306.51,308.14,876714871.61
2019-07-10 00:00:00.000000,308.14,296.79,278.52,288.81,1075676415.5
2019-07-11 00:00:00.000000,288.81,274.84,261.69,268.49,836379516.15
2019-07-12 00:00:00.000000,268.49,283.84,273.82,275.47,708817593.57
2019-07-13 00:00:00.000000,275.47,276.37,264.44,268.99,595140184.21
2019-07-14 00:00:00.000000,268.99,245.62,225.11,226.64,893355743.41
2019-07-15 00:00:00.000000,226.64,241.31,224.82,228.18,923511961.6
2019-07-16 00:00:00.000000,228.18,201.66,190.92,198.65,758710891.32
2019-07-17 00:00:00.000000,198.65,216.42,203.43,211.38,730793851.92
2019-07-18 00:00:00.000000,211.38,237.98,223.72,225.85,940274400.8
2019-07-19 00:00:00.000000,225.85,223.82,219.3,221.3,748628600.16
2019-07-20 00:00:00.000000,221.3,235.2,226.06,228.75,786282585.77
2019-07-21 00:00:00.000000,228.75,226.66,222.53,225.39,717382099.64
2019-07-22 00:00:00.000000,225.39,220.77,215.29,217.15,610780136.13
2019-07-23 00:00:00.000000,217.15,212.95,206.64,211.86,626466682.83
2019-07-24 00:00:00.000000,211.86,219.38,204.82,216.55,630355201.49
2019-07-25 00:00:00.000000,216.55,220.77,216.72,219.09,479242769.15
2019-07-26 00:00:00.000000,219.09,220.29,216.74,219.3,432903949.44
2019-07-27 00:00:00.000000,219.3,211.27,205.21,207.2,450368183.01
2019-07-28 00:00:00.000000,207.2,212.37,206.55,211.13,383709983.77
2019-07-29 00:00:00.000000,211.13,211.62,208.3,210.86,395787604.65
2019-07-30 00:00:00.000000,210.86,213.12,209.18,210.14,474538660.45
2019-07-31 00:00:00.000000,210.14,222.77,216.52,218.63,566129476.53
2019-08-01 00:00:00.000000,218.63,225.58,216.11,217.56,458665072.26
2019-08-02 00:00:00.000000,217.56,222.58,216.69,217.74,467067767.0
2019-08-03 00:00:00.000000,217.74,226.25,220.3,222.14,406320804.41
2019-08-04 00:00:00.000000,222.14,226.06,220.79,222.76,410136962.82
2019-08-05 00:00:00.000000,222.76,240.29,229.19,233.33,589080374.18
2019-08-06 00:00:00.000000,233.33,228.42,218.79,226.02,612417988.29
2019-08-07 00:00:00.000000,226.02,236.49,224.76,226.07,537412641.79
2019-08-08 00:00:00.000000,226.07,228.63,220.48,221.08,510366037.53
2019-08-09 00:00:00.000000,221.08,219.98,208.35,210.37,494698238.3
2019-08-10 00:00:00.000000,210.37,206.45,200.12,206.0,491941017.53
2019-08-11 00:00:00.000000,206.0,219.2,210.65,216.2,455559384.48
2019-08-12 00:00:00.000000,216.2,213.51,210.67,211.35,340886318.9
2019-08-13 00:00:00.000000,211.35,209.5,200.04,208.74,421299621.63
2019-08-14 00:00:00.000000,208.74,198.43,182.18,186.49,527503051.76
2019-08-15 00:00:00.000000,186.49,194.11,185.35,188.13,533152620.53
2019-08-16 00:00:00.000000,188.13,191.56,182.65,185.35,484514497.51
2019-08-17 00:00:00.000000,185.35,186.53,181.83,185.61,367239957.61
2019-08-18 00:00:00.000000,185.61,196.1,186.8,194.75,388939845.06
2019-08-19 00:00:00.000000,194.75,206.65,202.06,202.39,399160484.61
2019-08-20 00:00:00.000000,202.39,205.51,196.14,196.78,379364434.35
2019-08-21 00:00:00.000000,196.78,188.65,183.69,187.23,398264906.15
2019-08-22 00:00:00.000000,187.23,193.59,186.02,190.46,457766243.42
2019-08-23 00:00:00.000000,190.46,197.59,192.91,194.47,441028157.59
2019-08-24 00:00:00.000000,194.47,192.55,187.98,191.02,424955603.88
2019-08-25 00:00:00.000000,191.02,191.27,185.8,186.61,368020206.97
2019-08-26 00:00:00.000000,186.61,192.58,187.29,188.43,459497798.69
2019-08-27 00:00:00.000000,188.43,188.86,184.38,187.13,406355468.77
2019-08-28 00:00:00.000000,187.13,179.19,167.82,172.97,446690201.75
2019-08-29 00:00:00.000000,172.97,170.49,165.93,168.97,485722262.14
2019-08-30 00:00:00.000000,168.97,171.13,167.78,168.54,390733590.91
2019-08-31 00:00:00.000000,168.54,174.11,167.37,172.18,427119799.14
2019-09-01 00:00:00.000000,172.18,175.83,171.14,171.34,336725399.46
2019-09-02 00:00:00.000000,171.34,183.34,178.25,178.77,465121246.9
2019-09-03 00:00:00.000000,178.77,183.71,177.65,179.03,481710411.96
2019-09-04 00:00:00.000000,179.03,179.74,173.91,174.97,392142478.16
2019-09-05 00:00:00.000000,174.97,175.02,171.01,173.65,420446421.8
2019-09-06 00:00:00.000000,173.65,170.22,166.51,169.08,538470021.17
2019-09-07 00:00:00.000000,169.08,180.15,171.02,178.15,569095905.52
2019-09-08 00:00:00.000000,178.15,182.68,176.95,181.74,523928398.41
2019-09-09 00:00:00.000000,181.74,183.09,177.93,180.72,556683991.04
2019-09-10 00:00:00.000000,180.72,180.25,177.02,179.95,455561042.4
2019-09-11 00:00:00.000000,179.95,184.7,177.48,178.29,467382995.55
2019-09-12 00:00:00.000000,178.29,184.18,180.84,181.05,405074680.2
2019-09-13 00:00:00.000000,181.05,183.07,179.44,181.52,378265276.57
2019-09-14 00:00:00.000000,181.52,188.96,180.78,188.65,479618318.72
2019-09-15 00:00:00.000000,188.65,190.07,186.15,189.24,433702078.27
2019-09-16 00:00:00.000000,189.24,200.92,188.49,197.63,682776485.14
2019-09-17 00:00:00.000000,197.63,213.97,195.61,207.85,931019598.74
2019-09-18 00:00:00.000000,207.85,215.97,207.13,210.38,605352362.08
2019-09-19 00:00:00.000000,210.38,228.14,208.6,221.04,674852986.04
2019-09-20 00:00:00.000000,221.04,219.2,214.93,218.18,457532794.9
2019-09-21 00:00:00.000000,218.18,217.55,213.85,215.25,407918908.48
2019-09-22 00:00:00.000000,215.25,216.5,207.16,211.28,435480738.37
2019-09-23 00:00:00.000000,211.28,206.69,199.32,200.97,445112202.26
2019-09-24 00:00:00.000000,200.97,177.43,162.05,166.66,957553586.46
2019-09-25 00:00:00.000000,166.66,172.32,163.96,170.38,609047989.65
2019-09-26 00:00:00.000000,170.38,166.26,159.32,166.1,514201980.38
2019-09-27 00:00:00.000000,166.1,176.74,167.8,174.28,503977886.12
2019-09-28 00:00:00.000000,174.28,176.32,172.53,173.93,439726389.28
2019-09-29 00:00:00.000000,173.93,171.14,167.35,169.69,421890955.75
2019-09-30 00:00:00.000000,169.69,181.34,174.77,181.34,473187331.31
2019-10-01 00:00:00.000000,181.34,183.77,175.19,176.44,384631359.44
2019-10-02 00:00:00.000000,176.44,182.01,177.06,181.09,323753300.19
2019-10-03 00:00:00.000000,181.09,177.96,173.5,175.15,289922110.58
2019-10-04 00:00:00.000000,175.15,177.82,173.41,176.1,302105911.46
2019-10-05 00:00:00.000000,176.1,178.08,174.97,177.1,225332881.49
2019-10-06 00:00:00.000000,177.1,172.71,168.7,170.35,215155383.67
2019-10-07 00:00:00.000000,170.35,181.31,177.53,180.4,412441723.47
2019-10-08 00:00:00.000000,180.4,182.6,178.66,181.04,354886754.1
2019-10-09 00:00:00.000000,181.04,197.56,189.48,193.43,562034874.99
2019-10-10 00:00:00.000000,193.43,194.54,183.62,191.96,427757729.71
2019-10-11 00:00:00.000000,191.96,187.5,178.97,180.88,443112371.1
2019-10-12 00:00:00.000000,180.88,183.72,178.39,180.06,319739035.73
2019-10-13 00:00:00.000000,180.06,182.44,179.12,181.52,307303066.28
2019-10-14 00:00:00.000000,181.52,188.02,182.84,187.1,373652756.7
2019-10-15 00:00:00.000000,187.1,183.74,178.84,180.72,289391210.17
2019-10-16 00:00:00.000000,180.72,177.68,174.23,174.95,267589324.29
2019-10-17 00:00:00.000000,174.95,178.22,175.87,177.41,242094063.34
2019-10-18 00:00:00.000000,177.41,175.72,171.73,173.4,292604701.33
2019-10-19 00:00:00.000000,173.4,174.94,170.8,172.31,222428090.22
2019-10-20 00:00:00.000000,172.31,178.88,175.01,175.83,251374860.0
2019-10-21 00:00:00.000000,175.83,176.55,173.02,174.33,295380745.15
2019-10-22 00:00:00.000000,174.33,179.33,168.16,171.38,323059100.73
2019-10-23 00:00:00.000000,171.38,162.61,155.35,162.53,615086549.87
2019-10-24 00:00:00.000000,162.53,162.51,159.9,161.02,354570058.7
2019-10-25 00:00:00.000000,161.02,190.24,180.45,181.66,592418485.65
2019-10-26 00:00:00.000000,181.66,194.72,175.55,179.9,823988066.26
2019-10-27 00:00:00.000000,179.9,187.1,182.51,184.23,524982268.97
2019-10-28 00:00:00.000000,184.23,182.32,175.13,182.14,495927707.71
2019-10-29 00:00:00.000000,182.14,192.81,184.6,191.02,535243524.58
2019-10-30 00:00:00.000000,191.02,188.26,182.3,183.31,476044544.78
2019-10-31 00:00:00.000000,183.31,184.43,179.67,182.51,400652125.51
2019-11-01 00:00:00.000000,182.51,185.67,181.79,183.45,382994933.81
2019-11-02 00:00:00.000000,183.45,184.94,182.52,183.26,294931428.47
2019-11-03 00:00:00.000000,183.26,183.42,181.02,182.03,299527547.75
2019-11-04 00:00:00.000000,182.03,189.84,185.23,186.26,529141782.76
2019-11-05 00:00:00.000000,186.26,191.32,183.68,188.99,550391641.52
2019-11-06 00:00:00.000000,188.99,193.4,188.91,191.25,381966467.95
2019-11-07 00:00:00.000000,191.25,188.87,185.64,186.47,302159116.09
2019-11-08 00:00:00.000000,186.47,183.96,176.76,183.6,344566742.79
2019-11-09 00:00:00.000000,183.6,185.71,183.33,185.18,331902613.43
2019-11-10 00:00:00.000000,185.18,194.85,188.52,189.33,372531006.18
2019-11-11 00:00:00.000000,189.33,187.18,182.38,184.74,278104215.94
2019-11-12 00:00:00.000000,184.74,188.82,186.18,187.06,271229529.72
2019-11-13 00:00:00.000000,187.06,189.25,185.48,188.02,295049483.62
2019-11-14 00:00:00.000000,188.02,185.86,183.35,184.73,309501736.46
2019-11-15 00:00:00.000000,184.73,181.99,177.67,179.96,307359873.79
2019-11-16 00:00:00.000000,179.96,183.75,180.43,182.64,242378010.81
2019-11-17 00:00:00.000000,182.64,184.95,181.8,184.1,280594098.04
2019-11-18 00:00:00.000000,184.1,178.38,175.68,178.14,324429797.3
2019-11-19 00:00:00.000000,178.14,177.07,173.98,175.93,316618094.51
2019-11-20 00:00:00.000000,175.93,176.6,173.77,174.66,248249504.54
2019-11-21 00:00:00.000000,174.66,165.47,159.14,161.12,383454674.86
2019-11-22 00:00:00.000000,161.12,154.67,148.18,150.0,635753318.04
2019-11-23 00:00:00.000000,150.0,154.49,149.72,152.44,292618829.45
2019-11-24 00:00:00.000000,152.44,145.25,140.13,140.47,246588734.95
2019-11-25 00:00:00.000000,140.47,150.12,143.69,146.33,512193569.93
2019-11-26 00:00:00.000000,146.33,149.28,145.84,147.7,343314660.38
2019-11-27 00:00:00.000000,147.7,156.58,152.59,153.04,406203726.11
2019-11-28 00:00:00.000000,153.04,152.79,149.14,151.23,329295341.5
2019-11-29 00:00:00.000000,151.23,160.13,153.68,155.08,360349682.33
2019-11-30 00:00:00.000000,155.08,153.18,150.0,152.04,289362154.0
2019-12-01 00:00:00.000000,152.04,152.94,148.04,151.23,352262433.35
2019-12-02 00:00:00.000000,151.23,150.59,147.81,149.2,276974913.02
2019-12-03 00:00:00.000000,149.2,150.66,147.22,147.66,235905745.43
2019-12-04 00:00:00.000000,147.66,146.82,141.2,145.67,335275283.08
2019-12-05 00:00:00.000000,145.67,150.73,146.73,148.36,310859865.18
2019-12-06 00:00:00.000000,148.36,153.06,148.75,149.06,301614232.75
2019-12-07 00:00:00.000000,149.06,148.87,146.31,147.52,282782578.16
2019-12-08 00:00:00.000000,147.52,151.55,147.85,150.94,307180236.24
2019-12-09 00:00:00.000000,150.94,148.56,145.47,147.53,362952616.65
2019-12-10 00:00:00.000000,147.53,146.34,143.66,145.76,382196798.55
2019-12-11 00:00:00.000000,145.76,146.33,142.65,143.37,243561335.45
2019-12-12 00:00:00.000000,143.37,145.21,141.32,144.85,198566010.61
2019-12-13 00:00:00.000000,144.85,146.32,143.71,144.87,182667599.49
2019-12-14 00:00:00.000000,144.87,142.6,139.98,142.03,154769596.29
2019-12-15 00:00:00.000000,142.03,143.72,141.79,142.72,153294265.6
2019-12-16 00:00:00.000000,142.72,138.57,130.5,132.91,304103010.61
2019-12-17 00:00:00.000000,132.91,128.2,121.04,122.23,289951572.14
2019-12-18 00:00:00.000000,122.23,137.06,131.67,133.13,403409568.33
2019-12-19 00:00:00.000000,133.13,131.23,125.86,128.22,253852334.83
2019-12-20 00:00:00.000000,128.22,129.45,127.72,128.44,150611732.4
2019-12-21 00:00:00.000000,128.44,128.3,126.94,127.44,136843442.96
2019-12-22 00:00:00.000000,127.44,136.44,132.23,132.31,253363176.6
2019-12-23 00:00:00.000000,132.31,130.19,126.31,128.0,323848609.57
2019-12-24 00:00:00.000000,128.0,128.95,126.05,127.86,245133666.21
2019-12-25 00:00:00.000000,127.86,126.91,123.81,124.97,241861348.44
2019-12-26 00:00:00.000000,124.97,128.43,124.4,125.62,254385658.57
2019-12-27 00:00:00.000000,125.62,127.09,125.13,126.36,267596594.43
2019-12-28 00:00:00.000000,126.36,129.42,126.94,128.18,233763025.26
2019-12-29 00:00:00.000000,128.18,135.93,129.27,134.67,344231138.15
2019-12-30 00:00:00.000000,134.67,133.33,129.57,131.45,353560386.98
2019-12-31 00:00:00.000000,131.45,133.05,128.23,129.02,285823337.69
2020-01-01 00:00:00.000000,129.02,132.94,128.84,130.57,204356870.2
2020-01-02 00:00:00.000000,130.57,127.54,125.45,127.05,287644676.75
2020-01-03 00:00:00.000000,127.05,135.64,130.57,134.24,451528498.69
2020-01-04 00:00:00.000000,134.24,136.56,133.47,134.2,253723528.41
2020-01-05 00:00:00.000000,134.2,136.53,133.58,135.5,302251466.14
2020-01-06 00:00:00.000000,135.5,146.48,142.37,144.15,423649231.45
2020-01-07 00:00:00.000000,144.15,151.7,142.89,142.89,510138083.37
2020-01-08 00:00:00.000000,142.89,141.11,136.12,140.47,578716722.57
2020-01-09 00:00:00.000000,140.47,140.17,135.24,137.74,354683815.63
2020-01-10 00:00:00.000000,137.74,148.0,143.0,144.8,454563935.2
2020-01-11 00:00:00.000000,144.8,144.84,140.51,142.52,371061707.86
2020-01-12 00:00:00.000000,142.52,146.69,144.16,146.37,290506599.97
2020-01-13 00:00:00.000000,146.37,146.65,142.43,143.49,290088936.06
2020-01-14 00:00:00.000000,143.49,169.63,152.69,165.66,1152190450.5
2020-01-15 00:00:00.000000,165.66,171.33,162.34,166.04,862754656.84
2020-01-16 00:00:00.000000,166.04,166.89,160.62,164.1,527507989.45
2020-01-17 00:00:00.000000,164.1,174.34,166.24,169.98,767710921.71
2020-01-18 00:00:00.000000,169.98,179.52,166.69,173.91,866424830.99
2020-01-19 00:00:00.000000,173.91,171.09,164.3,166.92,662472107.99
2020-01-20 00:00:00.000000,166.92,168.97,162.92,166.64,361336568.0
2020-01-21 00:00:00.000000,166.64,171.09,166.56,169.09,370220822.27
2020-01-22 00:00:00.000000,169.09,170.22,165.28,167.97,301566807.31
2020-01-23 00:00:00.000000,167.97,164.02,160.41,162.51,386312306.91
2020-01-24 00:00:00.000000,162.51,163.75,158.77,162.4,377435884.53
2020-01-25 00:00:00.000000,162.4,161.58,158.4,160.66,222457869.05
2020-01-26 00:00:00.000000,160.66,168.18,164.74,167.66,292233443.69
2020-01-27 00:00:00.000000,167.66,173.89,169.52,169.7,416247047.32
2020-01-28 00:00:00.000000,169.7,180.98,175.63,175.82,569377601.02
2020-01-29 00:00:00.000000,175.82,177.09,173.28,173.47,397823150.89
2020-01-30 00:00:00.000000,173.47,186.7,175.97,184.42,565568199.28
2020-01-31 00:00:00.000000,184.42,182.64,177.5,179.65,487674049.61
2020-02-01 00:00:00.000000,179.65,186.09,179.81,183.65,397838510.97
2020-02-02 00:00:00.000000,183.65,190.7,181.27,188.37,725534844.29
2020-02-03 00:00:00.000000,188.37,190.7,186.8,189.68,547997589.0
2020-02-04 00:00:00.000000,189.68,188.76,184.63,188.39,512203474.25
2020-02-05 00:00:00.000000,188.39,205.78,196.65,203.86,806325046.18
2020-02-06 00:00:00.000000,203.86,214.34,205.65,212.87,925819964.93
2020-02-07 00:00:00.000000,212.87,223.83,213.82,223.24,719675881.29
2020-02-08 00:00:00.000000,223.24,228.75,218.65,223.21,714799127.35
2020-02-09 00:00:00.000000,223.21,232.11,226.52,228.65,505028036.14
2020-02-10 00:00:00.000000,228.65,224.76,217.76,223.19,594846674.44
2020-02-11 00:00:00.000000,223.19,239.59,229.62,237.74,943842318.04
2020-02-12 00:00:00.000000,237.74,276.91,239.45,265.94,1638802974.73
2020-02-13 00:00:00.000000,265.94,273.74,258.19,268.52,1410279798.58
2020-02-14 00:00:00.000000,268.52,286.88,266.78,285.64,1218082692.61
2020-02-15 00:00:00.000000,285.64,275.67,263.48,264.67,1228225789.25
2020-02-16 00:00:00.000000,264.67,270.87,244.66,259.95,1235093246.39
2020-02-17 00:00:00.000000,259.95,268.27,241.79,267.5,1379015768.38
2020-02-18 00:00:00.000000,267.5,290.0,274.93,283.08,1452489694.04
2020-02-19 00:00:00.000000,283.08,270.88,256.96,258.79,807153589.68
2020-02-20 00:00:00.000000,258.79,263.19,249.64,257.71,966650959.83
2020-02-21 00:00:00.000000,257.71,266.98,257.48,265.62,912166977.09
2020-02-22 00:00:00.000000,265.62,265.77,259.49,262.1,456762597.05
2020-02-23 00:00:00.000000,262.1,275.58,269.39,275.58,721610483.07
2020-02-24 00:00:00.000000,275.58,268.57,261.9,265.86,472525409.3
2020-02-25 00:00:00.000000,265.86,257.03,246.6,246.79,793992744.73
2020-02-26 00:00:00.000000,246.79,234.61,218.43,223.97,1141439327.42
2020-02-27 00:00:00.000000,223.97,234.92,217.36,227.59,1074277672.87
2020-02-28 00:00:00.000000,227.59,229.75,220.69,227.75,956885208.27
2020-02-29 00:00:00.000000,227.75,227.14,217.91,217.91,1147393678.32
2020-03-01 00:00:00.000000,217.91,222.71,214.93,218.27,889328823.45
2020-03-02 00:00:00.000000,218.27,234.41,226.74,232.09,960775712.96
2020-03-03 00:00:00.000000,232.09,229.13,222.91,223.96,1030922185.77
2020-03-04 00:00:00.000000,223.96,227.5,222.5,224.87,782099795.13
2020-03-05 00:00:00.000000,224.87,233.59,227.14,228.78,798259018.15
2020-03-06 00:00:00.000000,228.78,245.77,230.84,245.68,948818789.11
2020-03-07 00:00:00.000000,245.68,244.59,237.11,237.64,930388899.37
2020-03-08 00:00:00.000000,237.64,215.06,197.74,199.75,883552623.46
2020-03-09 00:00:00.000000,199.75,207.83,196.31,203.06,902545227.85
2020-03-10 00:00:00.000000,203.06,202.97,198.0,200.6,900211302.18
2020-03-11 00:00:00.000000,200.6,203.16,190.05,194.82,862475052.76
2020-03-12 00:00:00.000000,194.82,120.81,105.22,110.23,866028497.69
2020-03-13 00:00:00.000000,110.23,140.36,125.16,135.18,1484342374.16
2020-03-14 00:00:00.000000,135.18,126.54,121.72,122.7,378141871.11
2020-03-15 00:00:00.000000,122.7,127.6,119.25,123.64,452622446.96
2020-03-16 00:00:00.000000,123.64,117.55,109.98,111.34,662853450.74
2020-03-17 00:00:00.000000,111.34,120.2,115.13,116.2,515981234.12
2020-03-18 00:00:00.000000,116.2,119.3,116.98,118.6,418382877.77
2020-03-19 00:00:00.000000,118.6,138.67,132.91,136.81,537587654.84
2020-03-20 00:00:00.000000,136.81,140.89,127.48,133.31,553741275.76
2020-03-21 00:00:00.000000,133.31,133.7,130.85,132.83,359011975.68
2020-03-22 00:00:00.000000,132.83,125.42,121.17,122.51,309805765.33
2020-03-23 00:00:00.000000,122.51,138.33,133.06,136.64,234709856.11
2020-03-24 00:00:00.000000,136.64,142.92,138.46,139.0,235170035.84
2020-03-25 00:00:00.000000,139.0,141.05,135.69,136.23,175760951.78
2020-03-26 00:00:00.000000,136.23,139.42,136.44,138.81,162254253.25
2020-03-27 00:00:00.000000,138.81,132.32,129.83,131.68,154633712.05
2020-03-28 00:00:00.000000,131.68,132.55,127.99,131.24,163822790.2
2020-03-29 00:00:00.000000,131.24,125.11,122.76,124.53,112330013.27
2020-03-30 00:00:00.000000,124.53,136.39,131.01,132.29,154854263.42
2020-03-31 00:00:00.000000,132.29,133.93,131.17,133.1,117010142.69
2020-04-01 00:00:00.000000,133.1,140.94,135.87,136.07,196140910.28
2020-04-02 00:00:00.000000,136.07,143.78,138.81,141.46,257461293.94
2020-04-03 00:00:00.000000,141.46,142.16,138.92,141.48,200026090.18
2020-04-04 00:00:00.000000,141.48,146.53,143.02,144.53,151966376.58
2020-04-05 00:00:00.000000,144.53,143.97,141.94,142.82,107344500.8
2020-04-06 00:00:00.000000,142.82,172.51,154.37,171.78,445136319.82
2020-04-07 00:00:00.000000,171.78,171.69,163.84,164.7,441638538.53
2020-04-08 00:00:00.000000,164.7,173.28,167.83,173.21,288902140.84
2020-04-09 00:00:00.000000,173.21,172.01,169.38,169.89,213503155.75
2020-04-10 00:00:00.000000,169.89,160.43,154.79,158.16,332080651.73
2020-04-11 00:00:00.000000,158.16,160.14,156.62,158.55,204612645.49
2020-04-12 00:00:00.000000,158.55,160.4,157.7,158.81,190086914.77
2020-04-13 00:00:00.000000,158.81,158.52,155.09,156.81,236456264.65
2020-04-14 00:00:00.000000,156.81,160.08,156.99,158.64,178860313.52
2020-04-15 00:00:00.000000,158.64,155.06,151.55,152.94,197615790.67
2020-04-16 00:00:00.000000,152.94,175.66,163.21,172.6,500930041.32
2020-04-17 00:00:00.000000,172.6,172.13,168.12,170.79,266277387.19
2020-04-18 00:00:00.000000,170.79,188.94,176.3,187.85,413517308.96
2020-04-19 00:00:00.000000,187.85,185.31,178.32,180.32,347883867.33
2020-04-20 00:00:00.000000,180.32,176.88,169.08,170.65,403179001.07
2020-04-21 00:00:00.000000,170.65,173.37,170.14,171.03,261076182.64
2020-04-22 00:00:00.000000,171.03,183.59,177.67,183.02,286183673.61
2020-04-23 00:00:00.000000,183.02,194.8,184.68,185.73,372633155.6
2020-04-24 00:00:00.000000,185.73,188.49,186.01,187.66,240182435.87
2020-04-25 00:00:00.000000,187.66,195.62,188.14,194.41,303289064.0
2020-04-26 00:00:00.000000,194.41,199.85,196.46,197.62,250644973.85
2020-04-27 00:00:00.000000,197.62,199.9,194.06,196.71,258049806.65
2020-04-28 00:00:00.000000,196.71,197.73,194.78,196.88,206733185.38
2020-04-29 00:00:00.000000,196.88,228.15,212.95,215.58,481510851.06
2020-04-30 00:00:00.000000,215.58,212.92,204.02,206.44,470224989.05
2020-05-01 00:00:00.000000,206.44,215.08,210.75,212.16,341543226.1
2020-05-02 00:00:00.000000,212.16,216.98,213.57,214.11,179197523.23
2020-05-03 00:00:00.000000,214.11,213.68,208.96,210.12,270043070.91
2020-05-04 00:00:00.000000,210.12,210.32,202.24,206.76,318236765.14
2020-05-05 00:00:00.000000,206.76,211.66,205.34,205.43,201692537.2
2020-05-06 00:00:00.000000,205.43,211.16,198.81,199.08,341816428.45
2020-05-07 00:00:00.000000,199.08,222.3,210.7,212.3,588968967.49
2020-05-08 00:00:00.000000,212.3,212.45,207.84,211.46,404185499.74
2020-05-09 00:00:00.000000,211.46,210.29,205.13,210.19,380138715.1
2020-05-10 00:00:00.000000,210.19,199.16,186.84,187.72,499697462.27
2020-05-11 00:00:00.000000,187.72,186.46,179.86,185.77,409270199.69
2020-05-12 00:00:00.000000,185.77,192.39,188.33,190.1,253560918.33
2020-05-13 00:00:00.000000,190.1,202.28,196.78,199.86,248583222.72
2020-05-14 00:00:00.000000,199.86,210.06,200.66,203.31,397775930.68
2020-05-15 00:00:00.000000,203.31,197.59,192.57,194.71,303712134.51
2020-05-16 00:00:00.000000,194.71,201.92,195.91,200.6,245295750.07
2020-05-17 00:00:00.000000,200.6,208.01,202.69,206.76,214183380.54
2020-05-18 00:00:00.000000,206.76,216.43,207.29,214.68,303053831.14
2020-05-19 00:00:00.000000,214.68,216.63,213.31,214.68,214104443.63
2020-05-20 00:00:00.000000,214.68,210.54,206.83,209.87,187926919.47
2020-05-21 00:00:00.000000,209.85,211.42,191.63,198.56,115900478.36
2020-05-22 00:00:00.000000,198.58,208.27,200.2,207.35,203883969.7
2020-05-23 00:00:00.000000,207.35,209.35,206.32,206.78,158295000.8
2020-05-24 00:00:00.000000,206.78,201.75,196.17,199.91,193178180.87
2020-05-25 00:00:00.000000,199.91,206.78,203.67,204.2,201016206.46
2020-05-26 00:00:00.000000,204.2,203.69,199.97,201.04,187471648.97
2020-05-27 00:00:00.000000,201.04,211.98,206.46,208.3,166790102.34
2020-05-28 00:00:00.000000,208.3,220.33,212.09,220.33,221217298.51
2020-05-29 00:00:00.000000,220.33,221.95,216.77,220.63,229023699.89
2020-05-30 00:00:00.000000,220.63,248.02,226.3,243.66,401336258.16
2020-05-31 00:00:00.000000,243.66,239.95,231.16,231.54,281521659.77
2020-06-01 00:00:00.000000,231.54,257.73,247.01,248.44,366906124.23
2020-06-02 00:00:00.000000,248.44,238.67,230.19,237.81,360122023.75
2020-06-03 00:00:00.000000,237.81,245.13,239.52,244.65,157079114.17
2020-06-04 00:00:00.000000,244.56,246.39,236.28,243.35,90413005.89
2020-06-05 00:00:00.000000,243.35,247.73,239.25,240.08,74553973.27
2020-06-06 00:00:00.000000,240.08,244.48,238.02,242.08,46231144.22
2020-06-07 00:00:00.000000,242.08,245.34,234.97,244.75,84241162.44
2020-06-08 00:00:00.000000,244.75,247.67,241.15,246.47,65548033.56
2020-06-09 00:00:00.000000,246.47,249.85,235.78,244.0,75833901.79
2020-06-10 00:00:00.000000,244.0,250.3,242.38,248.01,86962964.42
2020-06-11 00:00:00.000000,248.01,250.31,225.86,230.21,163068331.34
2020-06-12 00:00:00.000000,230.21,239.28,228.19,237.54,89734985.04
2020-06-13 00:00:00.000000,237.54,238.71,234.61,238.21,37591086.28
2020-06-14 00:00:00.000000,238.21,238.57,229.98,231.61,70815323.17
2020-06-15 00:00:00.000000,231.61,233.75,218.29,230.98,153345723.13
2020-06-16 00:00:00.000000,230.98,236.0,228.88,235.35,68381514.54
2020-06-17 00:00:00.000000,235.31,234.96,232.6,233.74,173917879.04
2020-06-18 00:00:00.000000,233.74,232.92,229.45,231.14,273554189.76
2020-06-19 00:00:00.000000,231.14,229.94,227.06,228.83,126984439.23
2020-06-20 00:00:00.000000,228.83,231.36,228.36,228.93,101863954.88
2020-06-21 00:00:00.000000,228.93,229.07,227.02,227.95,90728932.75
2020-06-22 00:00:00.000000,227.83,246.8,227.39,243.3,129354691.96
2020-06-23 00:00:00.000000,243.26,243.78,240.9,243.11,154096213.24
2020-06-24 00:00:00.000000,243.16,249.14,230.99,234.56,126699284.93
2020-06-25 00:00:00.000000,234.56,235.12,227.36,232.35,84427974.15
2020-06-26 00:00:00.000000,232.33,230.87,229.23,229.5,175646529.66
2020-06-27 00:00:00.000000,229.5,226.62,218.42,220.77,192053080.2
2020-06-28 00:00:00.000000,220.77,226.37,222.36,224.82,160427791.91
2020-06-29 00:00:00.000000,224.82,228.76,224.35,227.84,224693888.65
2020-06-30 00:00:00.000000,227.84,227.32,224.21,225.49,171575809.95
2020-07-01 00:00:00.000000,225.49,231.62,227.28,231.06,190036327.93
2020-07-02 00:00:00.000000,231.06,227.96,224.96,226.59,330209737.79
2020-07-03 00:00:00.000000,226.59,226.66,224.76,225.12,261884352.33
2020-07-04 00:00:00.000000,225.12,229.56,226.73,229.19,255496390.55
2020-07-05 00:00:00.000000,229.19,228.4,225.58,228.03,232611581.25
2020-07-06 00:00:00.000000,228.03,241.9,233.86,241.81,511159054.2
2020-07-07 00:00:00.000000,241.81,240.69,233.56,239.39,325137300.06
2020-07-08 00:00:00.000000,239.39,248.82,241.45,247.02,446444658.34
2020-07-09 00:00:00.000000,247.02,242.98,238.64,242.15,202935600.75
2020-07-10 00:00:00.000000,242.15,243.55,238.81,241.22,128868072.5
2020-07-11 00:00:00.000000,241.22,240.35,237.49,239.24,104005761.96
2020-07-12 00:00:00.000000,239.24,242.94,238.85,242.66,136986885.16
2020-07-13 00:00:00.000000,242.66,242.96,237.14,239.54,167491682.32
2020-07-14 00:00:00.000000,239.54,241.77,239.08,240.47,133683082.42
2020-07-15 00:00:00.000000,240.47,239.3,236.08,238.47,121931757.09
2020-07-16 00:00:00.000000,238.42,239.17,230.11,233.61,82733057.02
2020-07-17 00:00:00.000000,233.54,234.87,231.67,232.77,119410906.81
2020-07-18 00:00:00.000000,232.77,237.87,233.1,235.85,105902192.47
2020-07-19 00:00:00.000000,235.85,239.52,235.28,239.16,118084690.77
2020-07-20 00:00:00.000000,239.16,239.1,234.61,236.17,144874959.58
2020-07-21 00:00:00.000000,236.16,247.0,235.78,245.87,95966343.65
2020-07-22 00:00:00.000000,245.62,267.71,247.97,264.18,237610574.74
2020-07-23 00:00:00.000000,264.32,280.97,260.56,275.65,227497042.4
2020-07-24 00:00:00.000000,275.65,287.68,268.61,279.6,170698826.04
2020-07-25 00:00:00.000000,279.6,309.39,279.6,305.67,218403404.71
2020-07-26 00:00:00.000000,305.67,319.07,300.43,311.47,226259900.31
2020-07-27 00:00:00.000000,311.28,359.78,316.6,322.23,743147491.93
2020-07-28 00:00:00.000000,322.23,320.45,311.49,317.5,532201296.09
2020-07-29 00:00:00.000000,317.5,326.47,317.03,318.14,341878677.37
2020-07-30 00:00:00.000000,318.14,339.86,318.07,335.3,402895123.47
2020-07-31 00:00:00.000000,335.3,351.71,340.13,346.94,468835268.22
2020-08-01 00:00:00.000000,346.94,391.23,358.51,387.45,722568267.48
2020-08-02 00:00:00.000000,387.41,414.95,344.45,371.93,483607413.35
2020-08-03 00:00:00.000000,371.95,394.79,376.48,386.25,603703192.02
2020-08-04 00:00:00.000000,386.1,402.84,381.18,389.79,263396168.06
2020-08-05 00:00:00.000000,389.67,410.38,397.57,400.98,464468861.15
2020-08-06 00:00:00.000000,400.98,403.28,392.92,395.04,365262534.14
2020-08-07 00:00:00.000000,395.07,398.38,365.09,379.57,238575183.71
2020-08-08 00:00:00.000000,379.57,397.58,376.32,397.56,116573197.91
2020-08-09 00:00:00.000000,397.56,400.32,384.27,390.28,130828493.0
2020-08-10 00:00:00.000000,390.32,399.28,390.95,395.71,378431781.83
2020-08-11 00:00:00.000000,395.84,398.33,366.89,378.94,211575268.55
2020-08-12 00:00:00.000000,378.94,389.5,366.09,387.19,165583849.9
2020-08-13 00:00:00.000000,387.19,431.71,377.01,424.97,326856513.91
2020-08-14 00:00:00.000000,424.97,444.64,418.03,438.51,310718163.89
2020-08-15 00:00:00.000000,438.48,442.89,424.74,432.57,414440093.31
2020-08-16 00:00:00.000000,432.63,436.95,412.94,433.85,183747481.55
2020-08-17 00:00:00.000000,433.85,447.0,420.72,431.26,220294114.98
2020-08-18 00:00:00.000000,431.28,426.14,415.73,422.19,322064343.35
2020-08-19 00:00:00.000000,422.38,426.84,394.63,407.85,242013764.61
2020-08-20 00:00:00.000000,407.85,419.09,402.63,416.04,245429680.33
2020-08-21 00:00:00.000000,416.04,418.78,385.2,387.98,335992540.64
2020-08-22 00:00:00.000000,387.98,397.18,379.8,395.46,274291152.47
2020-08-23 00:00:00.000000,395.46,397.58,383.56,390.72,156583241.04
2020-08-24 00:00:00.000000,390.72,410.39,387.72,408.03,269045578.82
2020-08-25 00:00:00.000000,408.03,409.1,370.38,383.34,256111120.78
2020-08-26 00:00:00.000000,383.34,393.33,377.76,386.02,130709996.59
2020-08-27 00:00:00.000000,385.98,387.86,377.32,382.99,322334008.91
2020-08-28 00:00:00.000000,382.99,398.08,388.28,395.54,282317937.64
2020-08-29 00:00:00.000000,395.54,404.11,392.52,398.95,248727540.47
2020-08-30 00:00:00.000000,398.95,430.11,407.15,429.18,425180515.49
2020-08-31 00:00:00.000000,429.18,436.58,420.61,434.14,506717370.21
2020-09-01 00:00:00.000000,434.14,483.63,442.6,475.99,839941536.91
2020-09-02 00:00:00.000000,475.81,481.22,421.58,439.83,399846874.92
2020-09-03 00:00:00.000000,439.83,450.71,374.19,382.46,473102908.76
2020-09-04 00:00:00.000000,382.46,400.18,364.11,385.91,239570368.52
2020-09-05 00:00:00.000000,385.91,394.66,310.93,335.24,522017043.23
2020-09-06 00:00:00.000000,335.24,360.31,316.82,352.69,327280613.14
2020-09-07 00:00:00.000000,352.69,358.54,323.67,353.7,238264362.56
2020-09-08 00:00:00.000000,353.7,356.57,325.75,337.45,222558039.13
2020-09-09 00:00:00.000000,337.45,359.2,331.01,351.15,190044274.6
2020-09-10 00:00:00.000000,351.15,377.54,350.44,368.09,248139178.76
2020-09-11 00:00:00.000000,368.09,375.31,356.15,373.99,161816528.74
2020-09-12 00:00:00.000000,374.03,388.14,369.96,388.04,270883063.04
2020-09-13 00:00:00.000000,388.04,383.85,357.71,366.28,378959151.0
2020-09-14 00:00:00.000000,366.28,382.82,370.75,377.26,419514214.33
2020-09-15 00:00:00.000000,377.26,382.28,362.54,364.16,317572911.45
2020-09-16 00:00:00.000000,364.16,370.9,363.23,365.09,284764527.24
2020-09-17 00:00:00.000000,365.09,394.57,364.04,389.54,548924125.68
2020-09-18 00:00:00.000000,389.54,391.69,379.76,384.47,391327582.63
2020-09-19 00:00:00.000000,384.47,389.7,382.61,385.27,248935189.81
2020-09-20 00:00:00.000000,385.27,380.84,369.05,371.02,266122857.13
2020-09-21 00:00:00.000000,371.06,376.42,332.74,340.19,235743740.73
2020-09-22 00:00:00.000000,340.19,346.8,335.89,344.25,132686320.89
2020-09-23 00:00:00.000000,344.25,344.61,314.7,320.19,163392957.36
2020-09-24 00:00:00.000000,320.19,352.84,317.14,349.18,178780604.82
2020-09-25 00:00:00.000000,349.18,358.04,338.01,352.02,158007481.04
2020-09-26 00:00:00.000000,352.05,355.52,348.76,354.23,183296884.19
2020-09-27 00:00:00.000000,354.23,361.72,353.42,357.73,196081931.5
2020-09-28 00:00:00.000000,357.67,368.15,352.09,354.01,122046214.19
2020-09-29 00:00:00.000000,354.01,360.59,350.49,359.92,107212650.86
2020-09-30 00:00:00.000000,359.82,361.43,355.4,359.82,187102579.35
2020-10-01 00:00:00.000000,359.82,359.37,350.66,353.21,239865351.68
2020-10-02 00:00:00.000000,353.09,354.28,334.71,345.83,138979278.48
2020-10-03 00:00:00.000000,345.96,349.91,344.31,346.32,139693448.38
2020-10-04 00:00:00.000000,346.32,353.57,348.34,352.61,118652727.18
2020-10-05 00:00:00.000000,352.61,357.64,353.32,353.76,138916761.21
2020-10-06 00:00:00.000000,353.84,355.32,336.93,340.85,112291749.41
2020-10-07 00:00:00.000000,340.85,342.87,333.27,341.91,115694720.97
2020-10-08 00:00:00.000000,341.91,353.4,334.35,351.2,102219748.95
2020-10-09 00:00:00.000000,351.2,368.51,347.19,365.41,120746450.13
2020-10-10 00:00:00.000000,365.41,378.52,365.2,370.88,94915521.94
2020-10-11 00:00:00.000000,370.8,376.42,371.75,374.37,151826472.42
2020-10-12 00:00:00.000000,374.4,395.22,365.82,386.91,140830030.43
2020-10-13 00:00:00.000000,386.91,387.82,374.78,381.41,97704716.98
2020-10-14 00:00:00.000000,381.21,384.25,377.28,379.11,181262215.14
2020-10-15 00:00:00.000000,379.11,383.69,377.36,377.7,223497544.12
2020-10-16 00:00:00.000000,377.82,379.9,361.57,365.58,117467322.34
2020-10-17 00:00:00.000000,365.72,369.11,366.27,368.65,119010667.66
2020-10-18 00:00:00.000000,368.65,379.59,372.8,378.44,136049864.63
2020-10-19 00:00:00.000000,378.44,384.42,373.04,379.41,97474550.54
2020-10-20 00:00:00.000000,379.39,386.03,367.91,368.74,316902577.83
2020-10-21 00:00:00.000000,368.83,401.78,368.19,391.46,283451951.4
2020-10-22 00:00:00.000000,391.46,421.25,391.34,414.5,232628091.79
2020-10-23 00:00:00.000000,414.5,419.47,401.93,409.57,136314943.28
2020-10-24 00:00:00.000000,409.59,418.85,410.45,412.55,188086893.4
2020-10-25 00:00:00.000000,412.55,411.97,406.1,406.36,168766807.67
2020-10-26 00:00:00.000000,406.3,411.39,382.64,393.11,160975600.73
2020-10-27 00:00:00.000000,393.11,410.25,390.4,403.74,105902450.86
2020-10-28 00:00:00.000000,403.74,409.35,381.06,388.77,75394842.45
2020-10-29 00:00:00.000000,388.77,393.98,380.87,387.54,97143305.34
2020-10-30 00:00:00.000000,387.54,392.05,374.08,382.76,144640027.44
2020-10-31 00:00:00.000000,382.83,392.57,385.67,386.77,211918605.81
2020-11-01 00:00:00.000000,386.77,397.71,385.6,396.75,337253108.32
2020-11-02 00:00:00.000000,396.49,404.39,378.67,383.61,135741837.5
2020-11-03 00:00:00.000000,383.66,398.14,388.18,388.18,132583691.44
2020-11-04 00:00:00.000000,388.17,408.58,377.14,402.66,100082927.23
2020-11-05 00:00:00.000000,402.66,420.74,397.1,416.89,105310367.9
2020-11-06 00:00:00.000000,416.89,458.22,415.41,456.32,164108426.67
2020-11-07 00:00:00.000000,456.32,468.04,426.27,435.82,158253714.77
2020-11-08 00:00:00.000000,435.82,460.03,432.87,454.74,75984233.86
2020-11-09 00:00:00.000000,454.74,458.75,434.54,444.45,103452706.39
2020-11-10 00:00:00.000000,444.45,455.07,439.44,450.86,92709328.95
2020-11-11 00:00:00.000000,450.86,476.65,449.95,463.91,236182074.76
2020-11-12 00:00:00.000000,463.91,470.4,452.69,462.78,193184163.08
2020-11-13 00:00:00.000000,462.78,477.97,458.1,476.87,191393679.41
2020-11-14 00:00:00.000000,476.87,477.76,452.26,461.03,140465129.76
2020-11-15 00:00:00.000000,461.03,463.02,440.46,448.51,115840989.63
2020-11-16 00:00:00.000000,448.45,471.55,458.84,461.01,305327654.61
2020-11-17 00:00:00.000000,461.01,495.61,475.46,482.71,496984004.02
2020-11-18 00:00:00.000000,482.73,495.03,458.58,478.76,334999694.91
2020-11-19 00:00:00.000000,478.81,482.16,468.97,471.82,418935834.36
2020-11-20 00:00:00.000000,471.89,514.38,471.19,510.43,379278054.3
2020-11-21 00:00:00.000000,510.43,553.11,503.09,552.26,392076756.29
2020-11-22 00:00:00.000000,552.26,581.05,513.33,560.01,530834818.6
2020-11-23 00:00:00.000000,560.01,610.75,550.31,609.13,628512665.29
2020-11-24 00:00:00.000000,609.12,645.6,590.23,604.98,1211148193.21
2020-11-25 00:00:00.000000,605.05,606.1,554.92,569.4,404296921.42
2020-11-26 00:00:00.000000,569.4,576.94,482.39,520.22,810828523.33
2020-11-27 00:00:00.000000,520.22,531.01,494.78,518.83,332244579.12
2020-11-28 00:00:00.000000,518.83,548.25,507.33,537.99,248369034.48
2020-11-29 00:00:00.000000,537.99,576.77,531.08,576.0,231983170.72
2020-11-30 00:00:00.000000,576.0,616.29,571.15,616.14,535467109.2
2020-12-01 00:00:00.000000,616.14,636.06,566.47,586.23,762366851.43
2020-12-02 00:00:00.000000,586.23,604.64,576.61,598.26,314984220.64
2020-12-03 00:00:00.000000,598.26,623.7,586.55,616.55,316868104.63
2020-12-04 00:00:00.000000,616.55,620.5,566.14,567.67,369234314.74
2020-12-05 00:00:00.000000,567.79,599.99,580.64,596.93,447845298.9
2020-12-06 00:00:00.000000,596.93,610.44,599.0,602.3,397514748.44
2020-12-07 00:00:00.000000,602.3,602.49,587.53,591.36,381946393.32
2020-12-08 00:00:00.000000,591.53,595.17,549.12,554.82,307106189.41
2020-12-09 00:00:00.000000,554.82,577.8,530.82,573.44,418399444.97
2020-12-10 00:00:00.000000,573.44,575.27,548.52,558.36,198710326.68
2020-12-11 00:00:00.000000,558.36,560.35,535.92,544.14,310867291.92
2020-12-12 00:00:00.000000,544.14,574.11,543.48,568.26,166540219.65
2020-12-13 00:00:00.000000,568.26,595.05,563.87,590.72,201829035.68
2020-12-14 00:00:00.000000,590.72,591.45,575.93,586.35,162125862.95
2020-12-15 00:00:00.000000,586.35,596.93,579.25,589.17,172371762.61
2020-12-16 00:00:00.000000,589.17,638.73,581.3,637.74,497086861.72
2020-12-17 00:00:00.000000,637.74,675.88,627.08,643.16,878651645.58
2020-12-18 00:00:00.000000,643.16,664.2,629.63,654.55,341755740.38
2020-12-19 00:00:00.000000,654.55,669.79,646.4,658.7,338530489.08
2020-12-20 00:00:00.000000,658.7,661.05,621.84,638.17,308930175.05
2020-12-21 00:00:00.000000,638.17,647.83,596.6,607.9,486584732.86
2020-12-22 00:00:00.000000,607.9,637.85,587.94,637.23,347239331.3
2020-12-23 00:00:00.000000,637.23,638.29,552.44,585.25,506935177.53
2020-12-24 00:00:00.000000,585.25,614.84,565.82,612.32,295864857.77
2020-12-25 00:00:00.000000,612.32,633.8,604.38,626.83,292795859.77
2020-12-26 00:00:00.000000,626.83,651.93,615.66,636.07,350294888.79
2020-12-27 00:00:00.000000,636.07,714.04,625.57,683.98,842878848.15
2020-12-28 00:00:00.000000,683.98,746.88,681.29,729.59,781168475.41
2020-12-29 00:00:00.000000,729.59,739.39,688.87,731.55,507583628.28
2020-12-30 00:00:00.000000,731.55,758.27,717.54,752.53,495447971.32
2020-12-31 00:00:00.000000,752.53,755.68,722.92,737.15,405487796.36
2021-01-01 00:00:00.000000,737.15,749.71,717.14,730.6,320856381.75
2021-01-02 00:00:00.000000,730.6,788.27,716.71,774.9,688632713.33
2021-01-03 00:00:00.000000,774.9,1011.81,770.07,978.69,1987810339.53
2021-01-04 00:00:00.000000,978.69,1163.36,889.78,1043.16,2941908637.58
2021-01-05 00:00:00.000000,1043.16,1133.9,975.69,1103.19,2209100382.41
2021-01-06 00:00:00.000000,1103.19,1214.12,1059.19,1210.59,2817165249.56
2021-01-07 00:00:00.000000,1210.59,1290.46,1151.6,1225.5,1957429185.72
2021-01-08 00:00:00.000000,1225.5,1273.69,1067.33,1216.98,2103290577.04
2021-01-09 00:00:00.000000,1216.98,1307.77,1173.77,1279.96,1234090079.14
2021-01-10 00:00:00.000000,1279.96,1350.09,1163.66,1255.72,1931453689.24
2021-01-11 00:00:00.000000,1255.72,1259.54,912.42,1088.37,3831991768.04
2021-01-12 00:00:00.000000,1088.37,1149.87,1007.68,1050.04,1647583878.23
2021-01-13 00:00:00.000000,1050.04,1136.66,985.32,1129.84,1262994625.32
2021-01-14 00:00:00.000000,1129.84,1246.36,1087.39,1232.11,1349158455.8
2021-01-15 00:00:00.000000,1232.11,1255.19,1069.37,1169.06,1643038085.27
2021-01-16 00:00:00.000000,1169.06,1293.2,1152.92,1228.52,1250938805.76
2021-01-17 00:00:00.000000,1228.52,1269.49,1166.6,1233.73,957632921.26
2021-01-18 00:00:00.000000,1233.73,1260.68,1183.78,1258.31,813409622.3
2021-01-19 00:00:00.000000,1258.31,1439.37,1252.78,1367.65,2197247666.73
2021-01-20 00:00:00.000000,1367.65,1408.06,1234.88,1377.75,1802865032.38
2021-01-21 00:00:00.000000,1377.75,1389.04,1086.55,1111.49,2374156404.45
2021-01-22 00:00:00.000000,1111.49,1275.45,1044.92,1234.56,2068128154.63
2021-01-23 00:00:00.000000,1234.56,1272.57,1197.55,1234.1,766118780.58
2021-01-24 00:00:00.000000,1234.1,1400.2,1221.78,1392.45,1540273353.15
2021-01-25 00:00:00.000000,1392.45,1475.49,1296.02,1318.47,2072432387.85
2021-01-26 00:00:00.000000,1318.47,1378.06,1246.49,1368.22,1749379399.61
2021-01-27 00:00:00.000000,1368.22,1374.39,1207.77,1241.51,1798477778.92
2021-01-28 00:00:00.000000,1241.51,1361.36,1220.48,1330.78,1368788914.36
2021-01-29 00:00:00.000000,1330.78,1442.14,1287.5,1379.13,2215293756.32
2021-01-30 00:00:00.000000,1379.13,1406.51,1326.9,1379.35,798440634.01
2021-01-31 00:00:00.000000,1379.35,1381.53,1283.77,1314.18,653725686.92
2021-02-01 00:00:00.000000,1314.18,1377.77,1271.68,1374.57,774664819.38
2021-02-02 00:00:00.000000,1374.57,1549.2,1361.84,1513.9,1932069095.73
2021-02-03 00:00:00.000000,1513.9,1670.87,1510.16,1667.22,1832159523.59
2021-02-04 00:00:00.000000,1667.22,1697.97,1558.06,1597.44,1921213581.05
2021-02-05 00:00:00.000000,1597.44,1762.23,1592.92,1721.48,1626954142.52
2021-02-06 00:00:00.000000,1721.48,1744.33,1648.46,1679.14,1293997066.53
2021-02-07 00:00:00.000000,1679.14,1694.5,1494.84,1614.64,1480130359.34
2021-02-08 00:00:00.000000,1614.64,1779.25,1565.98,1752.87,1975321767.53
2021-02-09 00:00:00.000000,1752.87,1824.66,1710.46,1772.05,1573102089.36
2021-02-10 00:00:00.000000,1772.05,1838.93,1680.58,1743.0,1691442085.33
2021-02-11 00:00:00.000000,1743.0,1818.43,1705.77,1787.69,1043919213.74
2021-02-12 00:00:00.000000,1787.69,1867.1,1741.17,1844.84,1354431182.3
2021-02-13 00:00:00.000000,1844.84,1875.55,1765.87,1817.48,950428277.14
2021-02-14 00:00:00.000000,1817.48,1852.06,1786.75,1802.96,772757223.36
2021-02-15 00:00:00.000000,1802.96,1836.25,1661.33,1779.4,1616101004.74
2021-02-16 00:00:00.000000,1779.4,1825.9,1726.66,1782.83,1081268304.83
2021-02-17 00:00:00.000000,1782.83,1856.88,1734.79,1851.14,1021991301.71
2021-02-18 00:00:00.000000,1851.14,1950.03,1850.93,1939.61,1193546506.61
2021-02-19 00:00:00.000000,1939.61,1973.92,1891.32,1957.47,1170439220.78
2021-02-20 00:00:00.000000,1957.47,2038.52,1819.36,1915.12,1903964736.95
2021-02-21 00:00:00.000000,1915.12,1975.88,1885.62,1935.14,802733653.42
2021-02-22 00:00:00.000000,1935.14,1937.57,1446.99,1778.07,2656835977.99
2021-02-23 00:00:00.000000,1778.07,1781.51,1360.96,1578.19,3829356462.28
2021-02-24 00:00:00.000000,1578.19,1713.25,1500.94,1625.17,1769603424.19
2021-02-25 00:00:00.000000,1625.17,1672.23,1459.54,1481.88,1278762281.98
2021-02-26 00:00:00.000000,1481.88,1563.11,1400.53,1446.1,1529005290.71
2021-02-27 00:00:00.000000,1446.1,1526.93,1426.45,1460.23,867562033.49
2021-02-28 00:00:00.000000,1460.23,1469.7,1294.05,1422.58,1583883301.69
2021-03-01 00:00:00.000000,1422.58,1572.92,1413.28,1571.49,1205752163.07
2021-03-02 00:00:00.000000,1571.49,1604.11,1456.73,1488.67,906296855.1
2021-03-03 00:00:00.000000,1488.67,1657.11,1477.82,1568.65,917252731.88
2021-03-04 00:00:00.000000,1568.65,1625.02,1505.61,1538.37,1023294046.59
2021-03-05 00:00:00.000000,1538.37,1549.35,1443.48,1529.75,1053353462.19
2021-03-06 00:00:00.000000,1529.75,1670.56,1514.5,1651.48,1162129783.44
2021-03-07 00:00:00.000000,1651.48,1734.52,1631.59,1726.33,750450852.99
2021-03-08 00:00:00.000000,1726.33,1842.9,1666.76,1834.48,1199163171.81
2021-03-09 00:00:00.000000,1834.48,1872.1,1799.85,1872.1,939208423.11
2021-03-10 00:00:00.000000,1872.1,1878.68,1758.02,1795.63,1320531852.38
2021-03-11 00:00:00.000000,1795.63,1846.24,1726.09,1827.06,964788578.61
2021-03-12 00:00:00.000000,1827.06,1842.03,1722.01,1767.77,972065732.17
2021-03-13 00:00:00.000000,1767.77,1943.37,1728.87,1921.18,1104075445.89
2021-03-14 00:00:00.000000,1921.18,1931.77,1837.82,1848.69,690832715.33
2021-03-15 00:00:00.000000,1848.69,1891.24,1735.53,1794.83,1403489044.83
2021-03-16 00:00:00.000000,1794.83,1819.57,1716.2,1805.64,1108536467.78
2021-03-17 00:00:00.000000,1805.64,1838.35,1742.81,1823.03,1129204045.53
2021-03-18 00:00:00.000000,1823.03,1849.5,1759.7,1776.16,735764945.49
2021-03-19 00:00:00.000000,1776.16,1840.66,1734.36,1809.76,584649417.76
2021-03-20 00:00:00.000000,1809.76,1868.98,1800.95,1805.49,500262459.33
2021-03-21 00:00:00.000000,1805.49,1817.33,1747.94,1783.94,612374090.22
2021-03-22 00:00:00.000000,1783.94,1807.19,1657.58,1682.05,861293326.85
2021-03-23 00:00:00.000000,1682.05,1721.69,1652.19,1668.69,664606148.51
2021-03-24 00:00:00.000000,1668.69,1740.3,1546.93,1583.24,1282635340.24
2021-03-25 00:00:00.000000,1583.24,1621.59,1549.08,1586.98,845403275.47
2021-03-26 00:00:00.000000,1586.98,1700.19,1586.8,1699.89,653006855.68
2021-03-27 00:00:00.000000,1699.89,1732.36,1667.18,1713.94,409407275.39
2021-03-28 00:00:00.000000,1713.94,1725.59,1662.16,1686.74,345610376.43
2021-03-29 00:00:00.000000,1686.74,1840.88,1676.68,1816.48,861718830.25
2021-03-30 00:00:00.000000,1816.48,1859.58,1786.81,1841.4,588402836.48
2021-03-31 00:00:00.000000,1841.4,1947.27,1772.26,1919.08,1070069136.01
2021-04-01 00:00:00.000000,1919.08,1982.01,1888.82,1967.67,878675921.08
2021-04-02 00:00:00.000000,1967.67,2144.04,1949.57,2134.46,1171559202.46
2021-04-03 00:00:00.000000,2134.46,2138.57,2002.95,2009.19,966547451.67
2021-04-04 00:00:00.000000,2009.19,2092.26,1981.36,2076.62,549224714.37
2021-04-05 00:00:00.000000,2076.62,2130.42,2003.31,2107.73,729654195.02
2021-04-06 00:00:00.000000,2107.73,2150.74,2045.94,2112.29,990663666.13
2021-04-07 00:00:00.000000,2112.29,2128.54,1931.07,1964.18,1252547038.35
2021-04-08 00:00:00.000000,1964.18,2084.31,1950.13,2081.11,619720134.67
2021-04-09 00:00:00.000000,2081.11,2100.0,2049.84,2066.55,624512595.28
2021-04-10 00:00:00.000000,2066.55,2195.55,2057.75,2133.82,889892660.09
2021-04-11 00:00:00.000000,2133.82,2163.6,2113.71,2150.54,445144430.2
2021-04-12 00:00:00.000000,2150.54,2200.09,2102.81,2137.79,690437458.28
2021-04-13 00:00:00.000000,2137.79,2314.02,2136.24,2298.66,1214602558.5
2021-04-14 00:00:00.000000,2298.66,2446.07,2282.77,2431.86,1631081340.89
2021-04-15 00:00:00.000000,2431.86,2545.89,2401.07,2517.08,1311251415.24
2021-04-16 00:00:00.000000,2517.08,2547.4,2306.2,2425.96,1677614061.1
2021-04-17 00:00:00.000000,2425.96,2496.71,2315.76,2318.01,1057642278.34
2021-04-18 00:00:00.000000,2318.01,2339.37,1976.71,2240.96,2686887831.66
2021-04-19 00:00:00.000000,2240.96,2281.08,2071.54,2163.36,1554224533.41
2021-04-20 00:00:00.000000,2163.36,2348.17,2055.51,2332.45,1886717479.23
2021-04-21 00:00:00.000000,2332.45,2469.05,2238.47,2357.59,1971928079.96
2021-04-22 00:00:00.000000,2357.59,2644.5,2310.62,2401.35,3319342457.7
2021-04-23 00:00:00.000000,2401.35,2441.96,2096.0,2369.67,3462302445.7
2021-04-24 00:00:00.000000,2369.67,2370.67,2159.64,2216.56,1232014469.73
2021-04-25 00:00:00.000000,2216.56,2357.02,2166.7,2322.14,1563493601.18
2021-04-26 00:00:00.000000,2322.14,2542.23,2306.94,2534.9,1831381585.37
2021-04-27 00:00:00.000000,2534.9,2681.47,2485.34,2667.93,1576533318.02
2021-04-28 00:00:00.000000,2667.93,2761.78,2560.07,2750.91,2211100347.39
2021-04-29 00:00:00.000000,2750.91,2799.55,2672.02,2758.46,1693692607.67
2021-04-30 00:00:00.000000,2758.46,2799.6,2727.7,2775.96,1166672092.0
2021-05-01 00:00:00.000000,2775.96,2954.54,2757.04,2947.8,1319269388.69
2021-05-02 00:00:00.000000,2947.8,2985.05,2856.3,2951.98,1007547549.64
2021-05-03 00:00:00.000000,2951.98,3455.66,2951.85,3431.41,3650014191.34
2021-05-04 00:00:00.000000,3431.41,3531.04,3185.01,3241.09,4856094057.96
2021-05-05 00:00:00.000000,3241.09,3549.08,3208.25,3528.86,2987271855.25
2021-05-06 00:00:00.000000,3528.86,3607.98,3381.46,3491.74,2723700342.59
2021-05-07 00:00:00.000000,3491.74,3592.46,3360.6,3483.96,2017976762.42
2021-05-08 00:00:00.000000,3483.96,3959.92,3454.89,3916.25,2489085350.71
2021-05-09 00:00:00.000000,3916.25,3982.33,3730.53,3927.06,2421772525.96
2021-05-10 00:00:00.000000,3927.06,4210.05,3712.47,3949.77,4805160991.1
2021-05-11 00:00:00.000000,3949.77,4182.26,3770.53,4178.02,3146654572.85
2021-05-12 00:00:00.000000,4178.02,4379.79,3777.24,3811.29,5489764411.82
2021-05-13 00:00:00.000000,3811.29,4045.28,3546.6,3718.99,6173576604.52
2021-05-14 00:00:00.000000,3718.99,4176.42,3696.24,4080.13,2713948078.85
2021-05-15 00:00:00.000000,4080.13,4133.56,3634.39,3644.04,2665190551.47
2021-05-16 00:00:00.000000,3644.04,3879.08,3350.54,3586.18,3696212448.72
2021-05-17 00:00:00.000000,3586.18,3590.01,3117.41,3280.73,4924404061.32
2021-05-18 00:00:00.000000,3280.73,3564.97,3242.5,3377.65,3346074529.75
2021-05-19 00:00:00.000000,3377.65,3441.2,1947.97,2442.89,9657968555.96
2021-05-20 00:00:00.000000,2442.89,2996.39,2162.9,2772.84,5492948402.81
2021-05-21 00:00:00.000000,2772.84,2939.92,2107.47,2435.86,4714736714.8
2021-05-22 00:00:00.000000,2435.86,2486.25,2158.17,2297.03,3320459994.89
2021-05-23 00:00:00.000000,2297.03,2382.3,1736.21,2098.57,4985757879.79
2021-05-24 00:00:00.000000,2098.57,2675.29,2081.99,2648.77,4567480766.29
2021-05-25 00:00:00.000000,2648.77,2755.91,2387.23,2707.49,3915916814.09
2021-05-26 00:00:00.000000,2707.49,2912.07,2648.47,2888.94,3067471922.96
2021-05-27 00:00:00.000000,2888.94,2891.49,2641.48,2742.48,2281995472.98
2021-05-28 00:00:00.000000,2742.48,2761.88,2334.05,2412.36,3418586712.49
2021-05-29 00:00:00.000000,2412.36,2573.27,2208.58,2278.58,2557596064.82
2021-05-30 00:00:00.000000,2278.58,2475.92,2182.6,2386.91,2311564285.7
2021-05-31 00:00:00.000000,2386.91,2718.67,2274.99,2707.38,2183404966.43
2021-06-01 00:00:00.000000,2707.38,2742.61,2529.17,2634.23,1882287507.52
2021-06-02 00:00:00.000000,2634.23,2801.72,2553.06,2706.52,1593115620.38
2021-06-03 00:00:00.000000,2706.52,2889.66,2663.83,2856.01,1767131489.54
2021-06-04 00:00:00.000000,2856.01,2859.2,2554.63,2691.17,1870054033.42
2021-06-05 00:00:00.000000,2691.17,2816.78,2553.73,2629.76,1523173179.92
2021-06-06 00:00:00.000000,2629.76,2745.12,2615.9,2710.99,930314354.19
2021-06-07 00:00:00.000000,2710.99,2847.92,2574.68,2593.12,1734370558.93
2021-06-08 00:00:00.000000,2593.12,2621.22,2310.58,2509.23,2594319741.23
2021-06-09 00:00:00.000000,2509.23,2626.22,2407.88,2610.64,1819177646.94
2021-06-10 00:00:00.000000,2610.64,2624.05,2428.83,2471.56,1018177774.01
2021-06-11 00:00:00.000000,2471.56,2497.64,2322.3,2355.09,988630797.95
2021-06-12 00:00:00.000000,2355.09,2452.14,2259.36,2369.62,891766601.89
2021-06-13 00:00:00.000000,2369.62,2549.74,2310.29,2509.7,882400625.24
2021-06-14 00:00:00.000000,2509.7,2608.81,2462.27,2582.12,985454994.26
2021-06-15 00:00:00.000000,2582.12,2639.89,2507.88,2543.6,884043051.65
2021-06-16 00:00:00.000000,2543.6,2554.51,2351.52,2367.7,986488084.54
2021-06-17 00:00:00.000000,2367.7,2458.97,2306.4,2372.31,866421709.08
2021-06-18 00:00:00.000000,2372.31,2377.33,2135.22,2233.57,1193362399.58
2021-06-19 00:00:00.000000,2233.57,2278.35,2164.05,2166.61,715881808.7
2021-06-20 00:00:00.000000,2166.61,2276.61,2043.74,2243.6,1057105893.49
2021-06-21 00:00:00.000000,2243.6,2259.39,1870.01,1887.89,2759117557.28
2021-06-22 00:00:00.000000,1887.89,1998.75,1705.78,1880.83,3161540297.98
2021-06-23 00:00:00.000000,1880.83,2044.91,1827.2,1968.56,1416402416.38
2021-06-24 00:00:00.000000,1968.56,2034.57,1886.17,1989.01,882504031.49
2021-06-25 00:00:00.000000,1989.01,2019.45,1791.99,1810.27,1653237866.52
2021-06-26 00:00:00.000000,1810.27,1851.36,1717.91,1830.94,1021387751.81
2021-06-27 00:00:00.000000,1830.94,1984.58,1808.2,1983.33,1092710033.78
2021-06-28 00:00:00.000000,1983.33,2143.6,1961.83,2083.8,1308344183.96
2021-06-29 00:00:00.000000,2083.8,2245.38,2075.64,2165.61,990499298.9
2021-06-30 00:00:00.000000,2165.61,2287.05,2089.55,2276.14,1128164730.61
2021-07-01 00:00:00.000000,2276.14,2277.05,2074.67,2109.29,1069055464.26
2021-07-02 00:00:00.000000,2109.892578,2155.596436,2021.824829,2150.040283,31796212554.0
2021-07-03 00:00:00.000000,2155.65,2238.77,2113.24,2227.18,511756918.09
2021-07-04 00:00:00.000000,2227.18,2387.73,2190.78,2323.27,690333030.43
2021-07-05 00:00:00.000000,2323.27,2323.53,2159.57,2196.71,817032182.71
2021-07-06 00:00:00.000000,2196.71,2349.66,2194.97,2322.63,852673341.75
2021-07-07 00:00:00.000000,2322.63,2408.53,2294.71,2317.12,771174149.51
2021-07-08 00:00:00.000000,2317.12,2324.72,2084.63,2114.51,1669543858.83
2021-07-09 00:00:00.000000,2114.51,2186.26,2048.12,2145.67,1261710486.51
2021-07-10 00:00:00.000000,2145.67,2190.77,2075.55,2110.47,539204127.95
2021-07-11 00:00:00.000000,2110.875732,2172.65332,2083.803711,2139.664795,14705386138.0
2021-07-12 00:00:00.000000,2140.45,2168.12,2007.79,2032.88,713106274.89
2021-07-13 00:00:00.000000,2034.098389,2040.693604,1922.577881,1940.083984,16621628658.0
2021-07-14 00:00:00.000000,1940.61,2019.42,1866.25,1994.22,758228459.63
2021-07-15 00:00:00.000000,1994.22,2039.24,1881.4,1918.17,858515598.28
2021-07-16 00:00:00.000000,1918.17,1964.79,1850.35,1877.05,682133152.13
2021-07-17 00:00:00.000000,1877.05,1918.93,1849.84,1899.96,526262391.22
2021-07-18 00:00:00.000000,1899.96,1993.26,1881.84,1891.96,563444548.7
2021-07-19 00:00:00.000000,1891.96,1918.43,1806.49,1818.6,755083019.62
2021-07-20 00:00:00.000000,1819.082031,1836.998047,1722.050781,1787.510742,17368597636.0
2021-07-21 00:00:00.000000,1786.276245,2025.68042,1759.023315,1990.970825,21253359756.0
2021-07-22 00:00:00.000000,1994.98,2046.29,1949.15,2024.74,764626427.4
2021-07-23 00:00:00.000000,2024.74,2131.09,1997.36,2125.57,724351214.33
2021-07-24 00:00:00.000000,2125.57,2199.99,2107.47,2185.98,800523696.67
2021-07-25 00:00:00.000000,2185.98,2197.07,2109.21,2194.34,486982701.92
2021-07-26 00:00:00.000000,2194.34,2430.27,2175.42,2228.67,1749133447.44
2021-07-27 00:00:00.000000,2228.67,2319.63,2152.97,2301.98,1127164753.79
2021-07-28 00:00:00.000000,2301.98,2346.53,2245.77,2301.12,883372200.32
2021-07-29 00:00:00.000000,2301.12,2398.97,2268.67,2383.24,669545747.5
2021-07-30 00:00:00.000000,2382.545166,2469.704834,2322.337158,2466.961426,20212848934.0
2021-07-31 00:00:00.000000,2463.61,2553.71,2422.41,2531.75,638035305.39
2021-08-01 00:00:00.000000,2531.75,2698.09,2513.63,2556.41,1405547764.41
2021-08-02 00:00:00.000000,2556.41,2666.13,2507.76,2608.44,1270507490.79
2021-08-03 00:00:00.000000,2609.413086,2630.314209,2449.353516,2502.349609,22696753413.0
2021-08-04 00:00:00.000000,2508.544922,2764.443604,2463.469482,2724.619873,25038698173.0
2021-08-05 00:00:00.000000,2725.72,2844.03,2536.51,2829.23,1840893881.29
2021-08-06 00:00:00.000000,2829.23,2949.04,2722.76,2892.36,1602017697.15
2021-08-07 00:00:00.000000,2891.70752,3170.229736,2868.535645,3157.23877,33081467129.0
2021-08-08 00:00:00.000000,3161.232666,3184.604004,2951.747314,3013.732666,28433638008.0
2021-08-09 00:00:00.000000,3013.75,3187.64,2895.74,3164.94,1814885554.8
2021-08-10 00:00:00.000000,3164.94,3233.77,3053.01,3141.67,1628100044.55
2021-08-11 00:00:00.000000,3141.67,3274.22,3123.08,3163.42,1379418397.59
2021-08-12 00:00:00.000000,3164.175781,3236.314697,2984.166992,3043.414307,25403699845.0
2021-08-13 00:00:00.000000,3047.29,3328.83,3035.99,3324.26,1440675493.43
2021-08-14 00:00:00.000000,3324.26,3332.19,3208.8,3266.71,761182928.57
2021-08-15 00:00:00.000000,3266.71,3323.3,3115.33,3311.12,999629719.78
2021-08-16 00:00:00.000000,3309.422119,3333.994873,3139.778564,3156.509521,23080039949.0
2021-08-17 00:00:00.000000,3147.63,3292.09,2994.41,3011.96,1624081267.21
2021-08-18 00:00:00.000000,3011.963623,3124.976074,2959.02832,3020.089844,21539248425.0
2021-08-19 00:00:00.000000,3013.52,3187.36,2963.91,3184.74,1067409385.98
2021-08-20 00:00:00.000000,3182.162598,3298.246582,3178.10376,3286.935303,20885619828.0
2021-08-21 00:00:00.000000,3286.5,3310.73,3208.73,3226.59,697445564.75
2021-08-22 00:00:00.000000,3226.227295,3272.733154,3142.00708,3242.115479,15983278460.0
2021-08-23 00:00:00.000000,3241.357422,3373.384277,3235.851318,3319.257324,20511110509.0
2021-08-24 00:00:00.000000,3322.71,3359.79,3150.96,3172.57,1008586226.64
2021-08-25 00:00:00.000000,3174.269775,3248.727295,3086.11499,3224.915283,18902728235.0
2021-08-26 00:00:00.000000,3228.86,3251.2,3059.7,3093.62,917871423.67
2021-08-27 00:00:00.000000,3093.62,3282.69,3057.59,3275.87,1066589734.58
2021-08-28 00:00:00.000000,3275.87,3287.97,3212.9,3246.78,440641512.36
2021-08-29 00:00:00.000000,3246.770996,3283.235596,3158.840332,3227.002686,13296586731.0
2021-08-30 00:00:00.000000,3227.192627,3346.581055,3151.44458,3224.374268,19306924485.0
2021-08-31 00:00:00.000000,3228.46,3480.11,3190.71,3435.17,1922788188.74
2021-09-01 00:00:00.000000,3435.17,3841.79,3385.05,3829.18,2152466889.63
2021-09-02 00:00:00.000000,3829.18,3837.51,3724.1,3787.7,1360330757.88
2021-09-03 00:00:00.000000,3787.7,4026.86,3712.13,3939.79,2016700978.59
2021-09-04 00:00:00.000000,3939.79,3969.89,3835.04,3887.01,898914227.68
2021-09-05 00:00:00.000000,3887.01,3982.63,3835.93,3952.33,832602701.76
2021-09-06 00:00:00.000000,3952.33,3971.74,3872.94,3928.4,971327540.19
2021-09-07 00:00:00.000000,3928.4,3947.45,3170.57,3433.48,3755934253.91
2021-09-08 00:00:00.000000,3428.378174,3559.121338,3224.764893,3497.315186,31738430771.0
2021-09-09 00:00:00.000000,3499.69,3567.91,3395.5,3424.24,1646622795.7
2021-09-10 00:00:00.000000,3424.24,3513.41,3149.58,3209.41,1736829807.16
2021-09-11 00:00:00.000000,3209.030518,3346.526367,3208.961914,3270.278076,18627122934.0
2021-09-12 00:00:00.000000,3270.291748,3462.468262,3235.109375,3410.134521,16810411424.0
2021-09-13 00:00:00.000000,3405.32,3429.17,3121.17,3285.4,1700713421.4
2021-09-14 00:00:00.000000,3286.316406,3429.169678,3273.630859,3429.169678,19125420848.0
2021-09-15 00:00:00.000000,3436.05,3617.68,3361.88,3615.22,1104834751.1
2021-09-16 00:00:00.000000,3615.22,3673.8,3484.59,3569.26,1522954456.45
2021-09-17 00:00:00.000000,3569.26,3593.71,3354.35,3398.82,1269889232.32
2021-09-18 00:00:00.000000,3398.82,3541.73,3370.5,3435.76,968755868.2
2021-09-19 00:00:00.000000,3433.287842,3448.322021,3286.172363,3329.447998,14257609743.0
2021-09-20 00:00:00.000000,3329.670654,3343.325439,2940.839111,2958.993408,27371684581.0
2021-09-21 00:00:00.000000,2966.51,3103.63,2677.64,2760.2,2632590191.67
2021-09-22 00:00:00.000000,2760.2,3090.16,2738.86,3078.88,1546061749.14
2021-09-23 00:00:00.000000,3078.88,3177.43,3037.12,3154.62,1048023991.37
2021-09-24 00:00:00.000000,3154.562012,3159.644043,2747.337646,2931.669189,25595422789.0
2021-09-25 00:00:00.000000,2930.86,2968.99,2805.35,2925.34,992935823.56
2021-09-26 00:00:00.000000,2925.34,3116.4,2742.73,3064.21,1144546427.35
2021-09-27 00:00:00.000000,3064.21,3166.17,2925.7,2927.73,1109513874.46
2021-09-28 00:00:00.000000,2928.963379,2970.770508,2793.360596,2807.296631,16895079070.0
2021-09-29 00:00:00.000000,2809.297607,2946.881348,2786.988281,2853.143311,15763456158.0
2021-09-30 00:00:00.000000,2850.87,3048.78,2838.28,3000.83,1074045517.68
2021-10-01 00:00:00.000000,3000.83,3334.03,2969.29,3310.63,1480674960.09
2021-10-02 00:00:00.000000,3308.870361,3464.837402,3260.027588,3391.694336,19202671704.0
2021-10-03 00:00:00.000000,3389.48,3488.52,3344.87,3420.14,748590158.94
2021-10-04 00:00:00.000000,3420.14,3437.69,3281.47,3384.5,1029946380.56
2021-10-05 00:00:00.000000,3384.5,3546.36,3366.32,3516.09,1026457702.21
2021-10-06 00:00:00.000000,3516.09,3626.63,3345.21,3576.08,1577043616.23
2021-10-07 00:00:00.000000,3576.814453,3650.013184,3479.90918,3587.974854,19090322927.0
2021-10-08 00:00:00.000000,3588.2,3669.37,3536.08,3562.84,944018845.76
2021-10-09 00:00:00.000000,3562.84,3633.84,3539.3,3576.4,486436966.61
2021-10-10 00:00:00.000000,3576.4,3604.88,3409.77,3416.49,685931826.8
2021-10-11 00:00:00.000000,3416.49,3622.59,3374.5,3544.14,924487424.69
2021-10-12 00:00:00.000000,3546.477783,3546.477783,3407.338135,3492.573242,18109578443.0
2021-10-13 00:00:00.000000,3490.61,3613.53,3413.15,3607.55,983041094.72
2021-10-14 00:00:00.000000,3607.55,3826.21,3589.52,3791.23,1472924368.3
2021-10-15 00:00:00.000000,3791.23,3902.04,3735.27,3868.16,1458863383.96
2021-10-16 00:00:00.000000,3868.16,3968.29,3804.18,3829.61,995972602.42
2021-10-17 00:00:00.000000,3829.61,3918.06,3651.37,3846.66,1045896725.37
2021-10-18 00:00:00.000000,3847.72998,3888.209229,3686.750488,3748.760254,17386204158.0
2021-10-19 00:00:00.000000,3746.14,3888.54,3733.6,3877.45,1110236475.25
2021-10-20 00:00:00.000000,3877.45,4168.74,3829.95,4162.49,1719887383.03
2021-10-21 00:00:00.000000,4162.49,4373.21,4015.24,4062.76,2439959842.9
2021-10-22 00:00:00.000000,4062.76,4168.19,3892.38,3971.95,1474774578.95
2021-10-23 00:00:00.000000,3971.95,4171.67,3937.93,4168.96,839766245.34
2021-10-24 00:00:00.000000,4168.96,4185.96,3963.11,4082.08,904114100.2
2021-10-25 00:00:00.000000,4082.08,4235.57,4069.68,4220.26,1140017638.98
2021-10-26 00:00:00.000000,4220.26,4295.04,4094.55,4129.95,1291728236.29
2021-10-27 00:00:00.000000,4132.17334,4299.152832,3930.257324,3930.257324,26219530404.0
2021-10-28 00:00:00.000000,3924.31,4294.39,3897.1,4288.22,2020610386.22
2021-10-29 00:00:00.000000,4288.22,4459.9,4268.45,4417.4,2095769732.29
2021-10-30 00:00:00.000000,4417.4,4433.67,4241.44,4323.94,948358418.96
2021-10-31 00:00:00.000000,4322.744141,4394.449707,4179.016113,4288.074219,17498160238.0
2021-11-01 00:00:00.000000,4290.1,4383.1,4153.91,4322.79,1425220983.08
2021-11-02 00:00:00.000000,4322.79,4603.64,4287.58,4593.15,1870280986.16
2021-11-03 00:00:00.000000,4593.15,4669.63,4457.12,4604.4,1842855559.04
2021-11-04 00:00:00.000000,4604.678711,4606.516113,4426.622559,4537.324219,18415244464.0
2021-11-05 00:00:00.000000,4536.99,4573.58,4446.48,4480.09,1023750022.65
2021-11-06 00:00:00.000000,4480.09,4532.21,4330.7,4521.41,889268557.48
2021-11-07 00:00:00.000000,4521.41,4638.45,4507.27,4617.13,745891590.35
2021-11-08 00:00:00.000000,4617.13,4823.95,4616.63,4810.97,1401093512.37
2021-11-09 00:00:00.000000,4810.071289,4837.589355,4718.039063,4735.068848,20834172627.0
2021-11-10 00:00:00.000000,4733.362793,4859.50293,4485.093262,4636.174316,22748160545.0
2021-11-11 00:00:00.000000,4632.98,4781.36,4579.28,4722.68,1045035758.02
2021-11-12 00:00:00.000000,4722.68,4807.7,4510.48,4668.7,1521700733.37
2021-11-13 00:00:00.000000,4668.7,4705.5,4587.56,4645.64,619103766.42
2021-11-14 00:00:00.000000,4648.632813,4689.842773,4516.935547,4626.358887,12172962219.0
2021-11-15 00:00:00.000000,4627.5,4769.78,4542.39,4561.38,1163390034.39
2021-11-16 00:00:00.000000,4561.38,4564.74,4119.14,4210.14,2736848801.78
2021-11-17 00:00:00.000000,4210.14,4299.27,4072.31,4289.75,1453634025.34
2021-11-18 00:00:00.000000,4289.75,4345.89,3960.96,3998.17,2191561063.22
2021-11-19 00:00:00.000000,3995.729492,4311.713867,3982.91748,4298.306641,20626269711.0
2021-11-20 00:00:00.000000,4299.27,4438.77,4207.89,4415.72,793329749.88
2021-11-21 00:00:00.000000,4415.72,4427.16,4249.1,4264.61,677869864.33
2021-11-22 00:00:00.000000,4264.61,4316.81,4026.8,4090.46,1505604412.03
2021-11-23 00:00:00.000000,4090.46,4388.46,4064.13,4341.17,1418992817.98
2021-11-24 00:00:00.000000,4341.17,4372.59,4170.12,4271.96,1031134404.33
2021-11-25 00:00:00.000000,4271.96,4553.76,4250.21,4523.8,1026529358.49
2021-11-26 00:00:00.000000,4522.208984,4550.842285,3933.506592,4030.908936,26281795488.0
2021-11-27 00:00:00.000000,4042.55,4186.32,4032.49,4100.3,705324182.49
2021-11-28 00:00:00.000000,4100.3,4301.69,3966.8,4297.92,1016069613.05
2021-11-29 00:00:00.000000,4297.92,4461.9,4283.21,4448.49,1267610516.1
2021-11-30 00:00:00.000000,4447.768066,4753.266113,4358.074219,4631.479004,28626354111.0
2021-12-01 00:00:00.000000,4631.1,4781.93,4527.67,4587.74,2040601934.49
2021-12-02 00:00:00.000000,4587.74,4635.8,4436.52,4514.8,1418366718.66
2021-12-03 00:00:00.000000,4514.8,4659.62,4088.98,4219.32,2259654209.54
2021-12-04 00:00:00.000000,4219.32,4238.26,3692.26,4124.26,3148499591.46
2021-12-05 00:00:00.000000,4119.628906,4246.92334,4040.217529,4198.322754,25533062707.0
2021-12-06 00:00:00.000000,4201.09,4378.45,3921.25,4357.17,2557612886.32
2021-12-07 00:00:00.000000,4357.17,4431.06,4261.1,4309.7,1397029329.38
2021-12-08 00:00:00.000000,4309.7,4455.48,4229.69,4439.98,1271231903.62
2021-12-09 00:00:00.000000,4439.98,4489.81,4077.39,4111.92,1647959364.78
2021-12-10 00:00:00.000000,4111.92,4229.29,3890.33,3902.49,1887677550.92
2021-12-11 00:00:00.000000,3902.49,4099.04,3835.8,4088.68,1229885614.78
2021-12-12 00:00:00.000000,4088.68,4179.55,3990.11,4135.31,822451692.61
2021-12-13 00:00:00.000000,4135.31,4144.68,3672.91,3785.08,2479495385.68
2021-12-14 00:00:00.000000,3782.822754,3866.633789,3700.104736,3745.44043,23836759957.0
2021-12-15 00:00:00.000000,3862.18,4095.28,3651.32,4020.19,2261433715.25
2021-12-16 00:00:00.000000,4020.19,4113.2,3953.97,3957.03,1214057116.12
2021-12-17 00:00:00.000000,3957.03,3994.8,3701.56,3876.37,1510947390.05
2021-12-18 00:00:00.000000,3876.37,3998.59,3769.26,3961.96,905001419.39
2021-12-19 00:00:00.000000,3960.872314,4018.658447,3894.398682,3922.592529,16167785597.0
2021-12-20 00:00:00.000000,3923.695801,3980.098633,3759.40332,3933.844482,21589690675.0
2021-12-21 00:00:00.000000,3945.57,4063.67,3911.66,4017.7,1100583287.23
2021-12-22 00:00:00.000000,4017.7,4075.0,3940.86,3981.26,769184671.11
2021-12-23 00:00:00.000000,3981.26,4155.17,3896.44,4112.35,1268269549.32
2021-12-24 00:00:00.000000,4112.35,4137.22,4014.98,4047.87,733002231.89
2021-12-25 00:00:00.000000,4047.87,4141.62,4023.5,4097.06,443317505.87
2021-12-26 00:00:00.000000,4097.06,4106.52,4008.08,4063.44,456822577.62
2021-12-27 00:00:00.000000,4063.44,4128.11,4030.81,4037.87,672618458.2
2021-12-28 00:00:00.000000,4037.87,4038.31,3761.18,3793.54,1320165386.47
2021-12-29 00:00:00.000000,3793.54,3827.6,3604.6,3629.31,1086528328.73
2021-12-30 00:00:00.000000,3629.31,3769.38,3588.54,3710.08,978675377.84
2021-12-31 00:00:00.000000,3710.08,3814.37,3621.79,3675.79,1110593109.24
2022-01-01 00:00:00.000000,3675.79,3777.06,3675.15,3766.74,552908047.08
2022-01-02 00:00:00.000000,3766.74,3854.47,3718.46,3830.92,532912408.05
2022-01-03 00:00:00.000000,3830.92,3850.72,3682.61,3765.16,733848876.26
2022-01-04 00:00:00.000000,3765.16,3891.61,3714.62,3785.67,938866049.19
2022-01-05 00:00:00.000000,3785.67,3847.65,3424.77,3536.77,1497204817.27
2022-01-06 00:00:00.000000,3536.77,3549.26,3300.16,3406.48,1549952613.52
2022-01-07 00:00:00.000000,3406.48,3415.21,3081.33,3196.47,2113480068.24
2022-01-08 00:00:00.000000,3193.502441,3240.304443,3020.880859,3091.972656,16037732700.0
2022-01-09 00:00:00.000000,3080.81,3211.44,3058.72,3150.83,744089597.15
2022-01-10 00:00:00.000000,3157.570557,3177.213379,2947.683594,3083.0979,19535744145.0
2022-01-11 00:00:00.000000,3082.990967,3247.511963,3061.140625,3238.111572,15211447193.0
2022-01-12 00:00:00.000000,3240.32,3415.58,3207.8,3373.03,976636720.28
2022-01-13 00:00:00.000000,3373.03,3412.61,3234.68,3242.26,842177824.2
2022-01-14 00:00:00.000000,3248.648682,3330.766113,3203.82373,3310.001465,13562957230.0
2022-01-15 00:00:00.000000,3309.66,3372.84,3262.31,3328.63,419775516.58
2022-01-16 00:00:00.000000,3330.387207,3376.401123,3291.563721,3350.921875,9505934874.0
2022-01-17 00:00:00.000000,3349.61,3358.54,3143.23,3210.9,821946264.75
2022-01-18 00:00:00.000000,3210.9,3244.64,3085.01,3161.5,886615823.7
2022-01-19 00:00:00.000000,3161.5,3174.98,3048.26,3084.78,904276109.96
2022-01-20 00:00:00.000000,3095.271729,3265.336914,3000.908203,3001.120117,10645922764.0
2022-01-21 00:00:00.000000,3002.43,3033.86,2473.06,2569.59,2739752122.2
2022-01-22 00:00:00.000000,2569.59,2626.26,2306.11,2412.23,2161344450.57
2022-01-23 00:00:00.000000,2406.924316,2542.144775,2381.515137,2535.039063,16481489511.0
2022-01-24 00:00:00.000000,2535.891113,2537.208496,2172.30127,2440.352295,28220804648.0
2022-01-25 00:00:00.000000,2440.393555,2498.50708,2359.384766,2455.935059,16179776932.0
2022-01-26 00:00:00.000000,2455.579102,2705.78418,2417.683105,2468.030273,21229909340.0
2022-01-27 00:00:00.000000,2464.13,2521.07,2316.47,2425.83,1232688510.11
2022-01-28 00:00:00.000000,2421.646973,2548.778564,2367.83374,2547.092041,14666227351.0
2022-01-29 00:00:00.000000,2546.590576,2627.609375,2526.989746,2597.084717,11172062661.0
2022-01-30 00:00:00.000000,2598.564941,2631.408447,2550.460938,2603.466553,9501221177.0
2022-01-31 00:00:00.000000,2603.24,2707.52,2479.42,2689.14,923473240.93
2022-02-01 00:00:00.000000,2687.898926,2802.31543,2682.621826,2792.117188,13194846235.0
2022-02-02 00:00:00.000000,2791.958984,2802.212158,2630.120361,2682.854004,13876301217.0
2022-02-03 00:00:00.000000,2682.226074,2712.482666,2587.783447,2679.162598,12755505065.0
2022-02-04 00:00:00.000000,2681.057617,2983.586914,2675.443848,2983.586914,18987223729.0
2022-02-05 00:00:00.000000,2984.446045,3054.130127,2966.781006,3014.648193,13102093957.0
2022-02-06 00:00:00.000000,3015.26,3075.45,2952.8,3057.68,402035046.33
2022-02-07 00:00:00.000000,3057.422119,3182.52832,3002.927002,3142.470703,15197063785.0
2022-02-08 00:00:00.000000,3141.38,3233.58,3028.6,3118.76,1122580120.4
2022-02-09 00:00:00.000000,3121.182617,3263.155762,3063.160156,3239.457031,13951308490.0
2022-02-10 00:00:00.000000,3240.113037,3271.316162,3070.378174,3077.482178,18629485080.0
2022-02-11 00:00:00.000000,3074.84,3139.99,2880.24,2928.93,1349461675.11
2022-02-12 00:00:00.000000,2927.386475,2980.079346,2870.177002,2917.362793,11254355757.0
2022-02-13 00:00:00.000000,2916.789551,2947.776611,2845.397705,2883.463379,9054963563.0
2022-02-14 00:00:00.000000,2872.44,2965.85,2832.37,2931.12,900749488.39
2022-02-15 00:00:00.000000,2933.729004,3185.520752,2917.857178,3179.877197,13921257873.0
2022-02-16 00:00:00.000000,3180.446777,3181.616943,3055.168213,3127.830078,12352406833.0
2022-02-17 00:00:00.000000,3124.33,3161.66,2854.87,2894.42,1278963366.95
2022-02-18 00:00:00.000000,2884.340576,2937.308594,2761.643311,2785.727539,15748173433.0
2022-02-19 00:00:00.000000,2784.872803,2826.3479,2707.378418,2763.701172,9774183169.0
2022-02-20 00:00:00.000000,2764.5,2765.19,2576.75,2622.7,788545229.88
2022-02-21 00:00:00.000000,2627.665527,2752.458496,2568.254395,2573.816162,18646392740.0
2022-02-22 00:00:00.000000,2572.898682,2648.916748,2510.678711,2639.299316,16360200507.0
2022-02-23 00:00:00.000000,2638.81,2755.04,2578.18,2580.97,937541603.27
2022-02-24 00:00:00.000000,2580.97,2708.0,2302.3,2597.94,2394587900.96
2022-02-25 00:00:00.000000,2598.436279,2821.972412,2579.208008,2764.535645,17208902048.0
2022-02-26 00:00:00.000000,2769.0,2872.94,2730.21,2780.32,637768288.08
2022-02-27 00:00:00.000000,2780.32,2835.86,2560.39,2617.32,1085892930.75
2022-02-28 00:00:00.000000,2621.172119,2929.18042,2586.388184,2919.201172,19266124733.0
2022-03-01 00:00:00.000000,2919.775879,3029.651611,2868.938965,2972.485107,18757425786.0
2022-03-02 00:00:00.000000,2972.471924,3026.868164,2919.943115,2950.118408,16636517503.0
2022-03-03 00:00:00.000000,2949.03,2971.29,2790.6,2833.71,888491373.47
2022-03-04 00:00:00.000000,2833.71,2834.95,2577.66,2622.51,1114507567.57
2022-03-05 00:00:00.000000,2622.51,2682.35,2591.96,2666.18,312186085.03
2022-03-06 00:00:00.000000,2666.18,2675.13,2550.56,2552.58,343584082.5
2022-03-07 00:00:00.000000,2552.58,2646.36,2450.51,2496.67,926973297.81
2022-03-08 00:00:00.000000,2497.721436,2618.166016,2489.755127,2576.747559,13922922903.0
2022-03-09 00:00:00.000000,2579.18,2767.0,2572.58,2733.05,845338807.07
2022-03-10 00:00:00.000000,2733.05,2733.49,2565.89,2608.64,903490445.4
2022-03-11 00:00:00.000000,2608.64,2667.32,2528.3,2557.57,705087040.47
2022-03-12 00:00:00.000000,2557.57,2613.21,2555.12,2569.87,242567780.48
2022-03-13 00:00:00.000000,2573.488037,2594.549805,2503.885254,2518.94458,8632000379.0
2022-03-14 00:00:00.000000,2516.83,2608.14,2503.88,2591.45,570156967.79
2022-03-15 00:00:00.000000,2590.668945,2662.32959,2515.765869,2620.149658,12861105614.0
2022-03-16 00:00:00.000000,2619.61,2787.84,2607.23,2775.15,1032083525.66
2022-03-17 00:00:00.000000,2775.15,2835.17,2750.42,2814.64,802482340.33
2022-03-18 00:00:00.000000,2814.64,2978.26,2771.37,2941.32,1268306240.7
2022-03-19 00:00:00.000000,2944.72168,2979.987061,2910.802246,2946.25708,11576463120.0
2022-03-20 00:00:00.000000,2946.547607,2956.965576,2826.107422,2860.459229,12684727326.0
2022-03-21 00:00:00.000000,2861.26,2960.6,2834.51,2895.01,754395426.87
2022-03-22 00:00:00.000000,2895.01,3049.24,2888.86,2970.47,1105346813.25
2022-03-23 00:00:00.000000,2973.14502,3036.752197,2933.306641,3031.067139,16008767658.0
2022-03-24 00:00:00.000000,3037.3,3129.44,3004.26,3112.85,1204417827.74
2022-03-25 00:00:00.000000,3108.448975,3183.958008,3087.490723,3106.671387,17030503831.0
2022-03-26 00:00:00.000000,3104.04,3153.55,3086.7,3146.36,308097209.43
2022-03-27 00:00:00.000000,3143.795654,3291.577637,3129.997803,3291.577637,13431866834.0
2022-03-28 00:00:00.000000,3296.46,3433.9,3276.53,3334.29,1240484725.34
2022-03-29 00:00:00.000000,3335.02124,3470.186279,3335.02124,3401.987793,19533323636.0
2022-03-30 00:00:00.000000,3401.526123,3435.286133,3349.237061,3385.157959,15302506131.0
2022-03-31 00:00:00.000000,3385.11,3445.59,3261.99,3282.78,892918044.54
2022-04-01 00:00:00.000000,3282.78,3481.39,3214.41,3455.72,1146333667.69
2022-04-02 00:00:00.000000,3455.72,3531.17,3435.63,3444.68,777202927.2
2022-04-03 00:00:00.000000,3444.68,3580.76,3414.24,3522.49,605819080.56
2022-04-04 00:00:00.000000,3522.36499,3535.148193,3422.000977,3521.241211,18209969743.0
2022-04-05 00:00:00.000000,3521.239746,3546.706787,3410.547607,3411.79248,16681503199.0
2022-04-06 00:00:00.000000,3406.48,3407.48,3162.57,3168.91,1587365720.77
2022-04-07 00:00:00.000000,3168.91,3269.19,3143.89,3229.28,836302734.24
2022-04-08 00:00:00.000000,3233.272461,3301.607422,3179.142334,3192.073975,17557050669.0
2022-04-09 00:00:00.000000,3191.976074,3261.963135,3187.469238,3261.91626,9908112156.0
2022-04-10 00:00:00.000000,3261.291504,3303.003174,3211.866943,3211.866943,10427054790.0
2022-04-11 00:00:00.000000,3202.89,3214.49,2950.95,2979.52,1233562295.37
2022-04-12 00:00:00.000000,2981.420654,3077.452637,2957.872314,3030.376465,20235707410.0
2022-04-13 00:00:00.000000,3028.77,3129.24,2997.92,3118.5,701662998.64
2022-04-14 00:00:00.000000,3117.821777,3139.928711,2988.435303,3019.909424,15821419931.0
2022-04-15 00:00:00.000000,3020.134521,3044.287354,3001.123291,3040.916504,11256651536.0
2022-04-16 00:00:00.000000,3041.123291,3074.886963,3016.421143,3062.310303,8766710365.0
2022-04-17 00:00:00.000000,3060.28,3082.05,2982.78,2988.4,327041532.39
2022-04-18 00:00:00.000000,2988.4,3070.29,2883.58,3056.2,827696634.5
2022-04-19 00:00:00.000000,3057.570313,3125.084229,3035.535156,3104.106445,14156035096.0
2022-04-20 00:00:00.000000,3102.52,3167.34,3036.35,3077.74,686897462.05
2022-04-21 00:00:00.000000,3077.74,3179.21,2943.42,2984.24,833558465.56
2022-04-22 00:00:00.000000,2984.24,3033.2,2933.76,2963.17,652250110.96
2022-04-23 00:00:00.000000,2964.802246,2975.322754,2926.740234,2938.114014,9116955609.0
2022-04-24 00:00:00.000000,2933.65,2967.57,2912.94,2922.37,248805776.03
2022-04-25 00:00:00.000000,2922.37,3026.15,2798.58,3006.45,1088856116.93
2022-04-26 00:00:00.000000,3006.45,3037.19,2768.64,2809.6,927820742.34
2022-04-27 00:00:00.000000,2809.6,2919.74,2795.23,2889.72,787100076.86
2022-04-28 00:00:00.000000,2889.72,2979.81,2855.11,2936.49,778080070.18
2022-04-29 00:00:00.000000,2936.49,2945.97,2776.18,2817.23,844702667.04
2022-04-30 00:00:00.000000,2817.23,2841.57,2717.75,2726.98,399317728.28
2022-05-01 00:00:00.000000,2726.98,2848.48,2717.45,2826.04,411197825.48
2022-05-02 00:00:00.000000,2826.04,2882.32,2777.75,2856.12,866626990.45
2022-05-03 00:00:00.000000,2856.12,2861.43,2754.39,2780.63,643426033.63
2022-05-04 00:00:00.000000,2780.63,2967.75,2770.84,2940.31,830683889.51
2022-05-05 00:00:00.000000,2940.226563,2948.960693,2704.91626,2749.213135,22642925048.0
2022-05-06 00:00:00.000000,2747.28,2757.11,2633.94,2692.08,867130443.62
2022-05-07 00:00:00.000000,2692.08,2703.39,2589.82,2635.19,359893218.95
2022-05-08 00:00:00.000000,2635.19,2641.2,2486.56,2519.08,692511713.12
2022-05-09 00:00:00.000000,2519.08,2529.04,2224.84,2230.95,1914870712.98
2022-05-10 00:00:00.000000,2230.95,2457.17,2200.52,2341.58,1850298109.21
2022-05-11 00:00:00.000000,2342.75415,2441.079346,2018.855591,2072.108643,45743399154.0
2022-05-12 00:00:00.000000,2072.504639,2170.458008,1748.303101,1961.701538,42463486402.0
2022-05-13 00:00:00.000000,1952.81,2143.61,1936.1,2006.51,1245554884.57
2022-05-14 00:00:00.000000,2006.51,2066.02,1947.83,2054.03,423017629.17
2022-05-15 00:00:00.000000,2054.03,2160.61,1998.56,2143.12,376701151.43
2022-05-16 00:00:00.000000,2145.836914,2145.836914,1988.811768,2022.725952,21459552191.0
2022-05-17 00:00:00.000000,2020.12,2119.84,2006.05,2089.29,598230196.42
2022-05-18 00:00:00.000000,2090.459961,2102.32666,1916.656128,1916.656128,17740965589.0
2022-05-19 00:00:00.000000,1916.149536,2028.388184,1907.020508,2018.336182,18734247914.0
2022-05-20 00:00:00.000000,2017.78,2061.81,1920.61,1956.88,676297509.57
2022-05-21 00:00:00.000000,1956.88,1987.79,1935.87,1972.87,201843693.55
2022-05-22 00:00:00.000000,1972.87,2053.49,1963.85,2041.08,288595387.01
2022-05-23 00:00:00.000000,2041.08,2086.6,1955.11,1970.7,626635609.39
2022-05-24 00:00:00.000000,1970.7,1991.09,1910.52,1977.85,509629757.6
2022-05-25 00:00:00.000000,1978.677002,2014.369507,1943.938599,1944.827881,13364545730.0
2022-05-26 00:00:00.000000,1941.04,1963.52,1741.21,1791.0,1030348371.06
2022-05-27 00:00:00.000000,1791.0,1820.36,1706.95,1724.73,1091437639.61
2022-05-28 00:00:00.000000,1724.73,1807.77,1720.57,1790.79,400672092.43
2022-05-29 00:00:00.000000,1790.79,1824.64,1763.04,1811.69,362774322.58
2022-05-30 00:00:00.000000,1811.885986,2005.210815,1804.456055,1996.441284,19580808705.0
2022-05-31 00:00:00.000000,1997.64,2015.05,1925.15,1940.59,802528394.95
2022-06-01 00:00:00.000000,1940.59,1971.79,1764.1,1817.42,1020482594.24
2022-06-02 00:00:00.000000,1817.42,1851.73,1782.17,1833.26,622173440.24
2022-06-03 00:00:00.000000,1833.26,1842.2,1737.3,1773.59,569666491.39
2022-06-04 00:00:00.000000,1773.59,1814.31,1747.45,1803.65,225646408.54
2022-06-05 00:00:00.000000,1803.65,1828.49,1771.7,1804.7,208010346.16
2022-06-06 00:00:00.000000,1804.7,1918.1,1803.59,1858.56,600246125.39
2022-06-07 00:00:00.000000,1859.33374,1862.914917,1729.413574,1814.04834,24020076750.0
2022-06-08 00:00:00.000000,1812.7,1836.67,1765.24,1791.03,508526918.8
2022-06-09 00:00:00.000000,1791.03,1831.74,1776.37,1787.71,357443811.84
2022-06-10 00:00:00.000000,1787.71,1802.8,1654.64,1661.1,687937104.94
2022-06-11 00:00:00.000000,1661.1,1680.39,1500.36,1530.28,854773704.94
2022-06-12 00:00:00.000000,1530.189697,1539.705078,1436.18396,1445.216553,23465074882.0
2022-06-13 00:00:00.000000,1434.02,1452.8,1165.61,1209.12,2275582645.63
2022-06-14 00:00:00.000000,1209.12,1264.08,1075.44,1206.94,1519007309.93
2022-06-15 00:00:00.000000,1206.94,1244.06,1014.07,1236.89,1698606699.32
2022-06-16 00:00:00.000000,1236.89,1255.9,1050.94,1067.1,807377734.26
2022-06-17 00:00:00.000000,1067.987671,1112.471558,1060.867676,1086.519287,14591486540.0
2022-06-18 00:00:00.000000,1085.21,1096.22,883.48,994.41,1080808875.04
2022-06-19 00:00:00.000000,994.41,1155.62,934.96,1127.03,776365310.03
2022-06-20 00:00:00.000000,1127.65625,1159.985352,1066.113159,1127.642456,19739691429.0
2022-06-21 00:00:00.000000,1126.99,1191.51,1108.44,1124.71,619164299.73
2022-06-22 00:00:00.000000,1125.372925,1126.261719,1049.763306,1051.421875,15010593493.0
2022-06-23 00:00:00.000000,1048.3,1152.53,1044.07,1143.46,500226767.62
2022-06-24 00:00:00.000000,1143.204712,1238.616943,1134.514038,1226.844727,16981552654.0
2022-06-25 00:00:00.000000,1224.12,1254.84,1179.17,1241.0,348238056.74
2022-06-26 00:00:00.000000,1242.987549,1272.131226,1199.406372,1199.831665,12096607824.0
2022-06-27 00:00:00.000000,1198.25,1237.14,1174.01,1190.73,409609422.41
2022-06-28 00:00:00.000000,1190.73,1235.14,1135.32,1142.41,516154549.5
2022-06-29 00:00:00.000000,1144.524414,1152.684814,1092.099121,1098.943848,15386286815.0
2022-06-30 00:00:00.000000,1099.353149,1103.69043,1009.094849,1067.298828,16350755497.0
2022-07-01 00:00:00.000000,1069.53,1108.86,1032.22,1058.01,616888042.78
2022-07-02 00:00:00.000000,1060.121216,1073.052612,1033.962158,1066.512817,9935603640.0
2022-07-03 00:00:00.000000,1066.467407,1083.418945,1044.005615,1073.766968,8557248150.0
2022-07-04 00:00:00.000000,1072.95,1159.39,1043.99,1149.81,411008690.04
2022-07-05 00:00:00.000000,1150.509766,1165.682739,1086.829956,1134.541016,16195518291.0
2022-07-06 00:00:00.000000,1134.822266,1193.636719,1116.247559,1186.973999,15373536703.0
2022-07-07 00:00:00.000000,1185.41,1253.43,1162.49,1236.64,632226158.71
2022-07-08 00:00:00.000000,1236.64,1274.65,1192.55,1214.0,685525454.8
2022-07-09 00:00:00.000000,1222.306885,1228.767944,1209.377563,1216.978271,8821353104.0
2022-07-10 00:00:00.000000,1216.904419,1216.904419,1157.175537,1168.401611,10984558039.0
2022-07-11 00:00:00.000000,1168.139038,1169.193848,1095.002808,1097.236572,12064180410.0
2022-07-12 00:00:00.000000,1095.67,1097.18,1032.47,1037.37,548112670.68
2022-07-13 00:00:00.000000,1037.37,1117.22,1009.82,1114.57,813163899.62
2022-07-14 00:00:00.000000,1113.515747,1202.953369,1077.405762,1191.526245,16688640823.0
2022-07-15 00:00:00.000000,1191.674805,1275.778198,1182.903198,1233.12915,17411448225.0
2022-07-16 00:00:00.000000,1232.791626,1377.94458,1195.605957,1352.626465,18364013796.0
2022-07-17 00:00:00.000000,1353.205078,1378.41748,1329.763306,1338.635742,16079711737.0
2022-07-18 00:00:00.000000,1338.80603,1578.717896,1338.80603,1578.717896,27440420623.0
2022-07-19 00:00:00.000000,1578.383911,1607.033081,1501.797485,1542.97522,27753529276.0
2022-07-20 00:00:00.000000,1543.12,1620.73,1487.09,1521.72,1024542971.16
2022-07-21 00:00:00.000000,1521.72,1605.45,1465.28,1575.68,847550503.86
2022-07-22 00:00:00.000000,1576.745361,1641.209229,1523.641724,1537.405151,18926100582.0
2022-07-23 00:00:00.000000,1536.457397,1591.632568,1495.678101,1549.297485,14998811383.0
2022-07-24 00:00:00.000000,1549.222534,1654.428711,1548.671143,1599.476685,17217849557.0
2022-07-25 00:00:00.000000,1599.157227,1605.336914,1445.383423,1445.383423,20585056021.0
2022-07-26 00:00:00.000000,1445.151123,1445.151123,1362.95166,1441.806763,18238563509.0
2022-07-27 00:00:00.000000,1443.726807,1636.799438,1423.618896,1636.232666,23007524016.0
2022-07-28 00:00:00.000000,1636.88,1787.55,1594.83,1725.82,1357299240.21
2022-07-29 00:00:00.000000,1725.82,1765.97,1657.01,1722.28,957967061.54
2022-07-30 00:00:00.000000,1722.28,1744.59,1674.67,1697.52,567955261.28
2022-07-31 00:00:00.000000,1697.52,1751.92,1668.02,1679.55,424322605.22
2022-08-01 00:00:00.000000,1679.55,1704.81,1607.21,1630.62,627822477.99
2022-08-02 00:00:00.000000,1630.62,1677.78,1561.58,1631.11,720425386.6
2022-08-03 00:00:00.000000,1631.11,1683.19,1590.67,1618.68,761209687.44
2022-08-04 00:00:00.000000,1618.886719,1658.511597,1585.326538,1608.205811,14467440626.0
2022-08-05 00:00:00.000000,1607.523926,1732.254639,1606.49707,1732.254639,18546491876.0
2022-08-06 00:00:00.000000,1736.78,1749.5,1687.21,1690.67,660571163.49
2022-08-07 00:00:00.000000,1690.67,1729.12,1669.23,1700.54,447819960.84
2022-08-08 00:00:00.000000,1700.54,1816.57,1693.75,1777.99,981265580.22
2022-08-09 00:00:00.000000,1777.99,1790.92,1669.6,1703.41,898080190.62
2022-08-10 00:00:00.000000,1703.41,1885.46,1657.4,1854.05,1352776291.18
2022-08-11 00:00:00.000000,1854.05,1941.32,1851.21,1881.06,1341570228.57
2022-08-12 00:00:00.000000,1881.06,1966.09,1854.29,1959.26,824715568.77
2022-08-13 00:00:00.000000,1959.26,2020.32,1947.46,1984.29,800730150.33
2022-08-14 00:00:00.000000,1981.782471,2022.791504,1919.010132,1936.802002,14062754456.0
2022-08-15 00:00:00.000000,1936.02,2012.94,1869.02,1899.64,1291080609.46
2022-08-16 00:00:00.000000,1899.64,1915.11,1853.68,1877.16,938206003.68
2022-08-17 00:00:00.000000,1877.16,1957.07,1817.73,1834.04,1267374734.89
2022-08-18 00:00:00.000000,1834.04,1882.41,1821.45,1846.36,742010328.68
2022-08-19 00:00:00.000000,1846.36,1847.92,1603.31,1609.05,1847934898.07
2022-08-20 00:00:00.000000,1609.05,1656.86,1524.51,1575.73,1089158535.71
2022-08-21 00:00:00.000000,1576.543579,1640.936523,1569.046509,1619.31897,15849221752.0
2022-08-22 00:00:00.000000,1617.86,1628.88,1529.73,1624.65,1182900442.15
2022-08-23 00:00:00.000000,1624.65,1672.46,1563.84,1664.76,1062895745.35
2022-08-24 00:00:00.000000,1664.76,1694.44,1605.04,1656.52,1100702910.25
2022-08-25 00:00:00.000000,1657.336548,1718.183228,1656.856079,1696.457031,14818795695.0
2022-08-26 00:00:00.000000,1695.85,1704.96,1487.79,1508.09,1511768507.05
2022-08-27 00:00:00.000000,1508.09,1518.79,1448.62,1491.26,828407067.63
2022-08-28 00:00:00.000000,1491.26,1510.14,1424.21,1426.4,630935011.23
2022-08-29 00:00:00.000000,1426.4,1560.09,1422.09,1552.4,1049519720.22
2022-08-30 00:00:00.000000,1552.4,1605.77,1474.69,1524.62,1220810502.07
2022-08-31 00:00:00.000000,1524.62,1619.18,1524.26,1554.16,1107751190.46
2022-09-01 00:00:00.000000,1554.16,1598.99,1513.23,1585.98,752412872.72
2022-09-02 00:00:00.000000,1585.98,1649.27,1546.9,1575.91,822062063.91
2022-09-03 00:00:00.000000,1577.213745,1579.454346,1541.672119,1556.872681,9516825994.0
2022-09-04 00:00:00.000000,1557.54,1582.8,1540.9,1579.06,251366855.06
2022-09-05 00:00:00.000000,1577.884033,1621.661377,1559.78186,1617.183228,13060541168.0
2022-09-06 00:00:00.000000,1617.5,1686.59,1555.91,1558.9,1178593645.43
2022-09-07 00:00:00.000000,1560.906738,1651.051147,1500.013672,1629.906372,19560363854.0
2022-09-08 00:00:00.000000,1630.0,1662.69,1596.45,1635.6,917720046.07
2022-09-09 00:00:00.000000,1635.6,1744.19,1631.06,1719.35,1004002586.51
2022-09-10 00:00:00.000000,1718.961304,1784.497803,1710.296997,1776.203735,13130928217.0
2022-09-11 00:00:00.000000,1774.69,1789.21,1722.54,1767.02,424086159.35
2022-09-12 00:00:00.000000,1767.02,1783.07,1693.36,1716.53,688261837.42
2022-09-13 00:00:00.000000,1716.53,1755.79,1561.88,1574.56,1186666903.31
2022-09-14 00:00:00.000000,1574.56,1648.36,1555.15,1639.6,759203960.6
2022-09-15 00:00:00.000000,1639.6,1654.2,1459.21,1472.51,1283200244.31
2022-09-16 00:00:00.000000,1471.928345,1480.564209,1415.581299,1432.447754,16764804299.0
2022-09-17 00:00:00.000000,1433.97,1476.0,1409.4,1469.05,427781777.37
2022-09-18 00:00:00.000000,1469.705444,1469.705444,1331.494751,1335.329102,15762284723.0
2022-09-19 00:00:00.000000,1334.3,1392.37,1281.71,1376.21,820923081.03
2022-09-20 00:00:00.000000,1377.619019,1381.965698,1319.201416,1324.388184,14722317220.0
2022-09-21 00:00:00.000000,1323.07,1399.59,1220.78,1246.29,2158795290.82
2022-09-22 00:00:00.000000,1246.29,1342.74,1237.45,1326.15,1764192693.49
2022-09-23 00:00:00.000000,1326.15,1358.83,1262.97,1326.95,1770416488.71
2022-09-24 00:00:00.000000,1326.95,1349.09,1306.83,1317.11,688754375.79
2022-09-25 00:00:00.000000,1317.11,1336.88,1270.94,1294.72,741280751.13
2022-09-26 00:00:00.000000,1294.386108,1335.526367,1282.049316,1335.32019,16034549271.0
2022-09-27 00:00:00.000000,1335.337036,1396.891479,1308.991455,1330.127686,17870598937.0
2022-09-28 00:00:00.000000,1329.541382,1351.964478,1267.869263,1337.410889,18994979566.0
2022-09-29 00:00:00.000000,1337.554443,1348.107666,1293.193359,1335.652344,13796915736.0
2022-09-30 00:00:00.000000,1335.646484,1368.743408,1320.383179,1327.978638,14250100093.0
2022-10-01 00:00:00.000000,1328.7,1333.85,1303.19,1311.8,361595127.37
2022-10-02 00:00:00.000000,1311.8,1317.65,1272.05,1276.69,533576502.55
2022-10-03 00:00:00.000000,1276.69,1329.8,1265.42,1323.32,1066475762.56
2022-10-04 00:00:00.000000,1323.27832,1364.970947,1320.07666,1362.126587,10139774963.0
2022-10-05 00:00:00.000000,1361.9729,1362.451782,1320.855103,1352.837158,9774451820.0
2022-10-06 00:00:00.000000,1352.44,1384.03,1346.79,1352.4,1337183654.48
2022-10-07 00:00:00.000000,1352.4,1361.52,1317.95,1331.14,847055907.94
2022-10-08 00:00:00.000000,1331.14,1337.38,1303.92,1315.47,256701832.62
2022-10-09 00:00:00.000000,1315.47,1328.86,1307.58,1323.41,270217040.65
2022-10-10 00:00:00.000000,1323.41,1338.13,1289.77,1290.04,706276755.9
2022-10-11 00:00:00.000000,1290.04,1297.84,1268.05,1279.79,895785523.92
2022-10-12 00:00:00.000000,1279.79,1306.21,1275.03,1294.29,659072834.99
2022-10-13 00:00:00.000000,1294.917358,1297.564209,1209.278198,1288.123901,17499038202.0
2022-10-14 00:00:00.000000,1287.51,1343.39,1283.82,1296.63,1300245316.03
2022-10-15 00:00:00.000000,1297.305908,1300.745972,1268.468506,1274.871704,6798512624.0
2022-10-16 00:00:00.000000,1274.91,1315.33,1274.68,1305.87,433760169.98
2022-10-17 00:00:00.000000,1306.30957,1335.647827,1297.447266,1331.713623,9401189650.0
2022-10-18 00:00:00.000000,1331.669922,1339.085938,1291.660645,1310.447021,10416747806.0
2022-10-19 00:00:00.000000,1310.56311,1312.442383,1283.965332,1285.744263,8350692785.0
2022-10-20 00:00:00.000000,1284.85,1310.72,1271.7,1282.68,805186791.44
2022-10-21 00:00:00.000000,1283.18811,1305.081299,1260.666748,1299.946411,10412565245.0
2022-10-22 00:00:00.000000,1299.902344,1317.101074,1295.946899,1314.299194,7175324564.0
2022-10-23 00:00:00.000000,1313.91,1370.8,1300.09,1364.2,561742750.96
2022-10-24 00:00:00.000000,1364.2,1370.45,1324.47,1343.83,969857919.89
2022-10-25 00:00:00.000000,1343.83,1524.13,1335.31,1460.37,2350835728.61
2022-10-26 00:00:00.000000,1460.37,1595.06,1457.91,1566.85,2821129189.15
2022-10-27 00:00:00.000000,1566.85,1578.12,1505.22,1514.35,2182940242.05
2022-10-28 00:00:00.000000,1514.35,1574.67,1484.12,1555.12,1703276756.19
2022-10-29 00:00:00.000000,1555.274658,1652.382202,1549.983643,1619.698486,21618154775.0
2022-10-30 00:00:00.000000,1619.697876,1637.037842,1579.485229,1590.783325,13930073427.0
2022-10-31 00:00:00.000000,1590.481323,1630.452881,1555.918945,1572.714478,19306919714.0
2022-11-01 00:00:00.000000,1572.88,1611.88,1563.39,1578.51,1109585843.08
2022-11-02 00:00:00.000000,1578.51,1620.26,1502.4,1518.33,2037801666.52
2022-11-03 00:00:00.000000,1519.724854,1556.759644,1517.101685,1531.541748,14248351007.0
2022-11-04 00:00:00.000000,1530.87,1671.48,1528.31,1645.06,1925861769.02
2022-11-05 00:00:00.000000,1645.156494,1660.48645,1625.964233,1627.968018,11006973190.0
2022-11-06 00:00:00.000000,1627.42,1638.76,1565.49,1568.75,735107790.65
2022-11-07 00:00:00.000000,1572.016968,1604.475342,1550.415527,1568.591309,15279963349.0
2022-11-08 00:00:00.000000,1568.45,1579.41,1250.63,1334.22,4107836408.23
2022-11-09 00:00:00.000000,1334.22,1337.05,1081.28,1104.17,3360130314.53
2022-11-10 00:00:00.000000,1104.17,1347.76,1090.05,1296.01,1773564733.66
2022-11-11 00:00:00.000000,1296.01,1306.47,1200.46,1285.23,1409146347.24
2022-11-12 00:00:00.000000,1285.23,1289.04,1236.27,1254.95,427130657.25
2022-11-13 00:00:00.000000,1255.441284,1271.712524,1208.520996,1221.819214,10717455214.0
2022-11-14 00:00:00.000000,1219.85,1288.74,1170.9,1241.39,855858844.55
2022-11-15 00:00:00.000000,1241.677734,1283.19873,1238.688232,1251.736206,11798011594.0
2022-11-16 00:00:00.000000,1252.0,1266.73,1185.82,1215.24,742289325.22
2022-11-17 00:00:00.000000,1215.848633,1224.965698,1189.15271,1200.808594,9723646871.0
2022-11-18 00:00:00.000000,1199.45,1231.6,1198.2,1210.98,441193528.12
2022-11-19 00:00:00.000000,1210.98,1231.29,1196.77,1216.52,230572688.07
2022-11-20 00:00:00.000000,1218.436279,1224.077759,1137.933228,1142.466675,9651002684.0
2022-11-21 00:00:00.000000,1140.47,1144.37,1079.94,1105.99,990700383.48
2022-11-22 00:00:00.000000,1107.895996,1136.442627,1081.138184,1135.173462,12040670755.0
2022-11-23 00:00:00.000000,1135.421509,1184.997314,1130.022827,1183.199585,11242676044.0
2022-11-24 00:00:00.000000,1183.345093,1211.627441,1180.379761,1203.983154,9706372376.0
2022-11-25 00:00:00.000000,1203.799438,1203.799438,1174.823364,1198.925903,5483308196.0
2022-11-26 00:00:00.000000,1198.4,1233.38,1196.04,1204.94,329190686.13
2022-11-27 00:00:00.000000,1205.905273,1220.349487,1195.039063,1195.126953,4486976868.0
2022-11-28 00:00:00.000000,1193.2,1198.53,1150.42,1167.3,526904922.21
2022-11-29 00:00:00.000000,1167.3,1225.87,1157.85,1215.7,573752908.47
2022-11-30 00:00:00.000000,1216.928711,1302.038696,1215.497925,1295.688599,9836925304.0
2022-12-01 00:00:00.000000,1295.769531,1295.999878,1267.708496,1276.273926,6857935276.0
2022-12-02 00:00:00.000000,1276.328613,1294.303345,1269.243164,1294.303345,6213645709.0
2022-12-03 00:00:00.000000,1295.61,1307.27,1236.97,1241.13,397801316.77
2022-12-04 00:00:00.000000,1243.219238,1281.49231,1242.911743,1280.256592,5174128454.0
2022-12-05 00:00:00.000000,1279.89,1305.5,1247.32,1259.37,588911337.44
2022-12-06 00:00:00.000000,1259.37,1274.29,1242.46,1271.38,495067956.08
2022-12-07 00:00:00.000000,1271.38,1276.71,1217.1,1231.35,500133032.01
2022-12-08 00:00:00.000000,1232.451782,1286.229736,1226.358521,1281.116333,6227269815.0
2022-12-09 00:00:00.000000,1281.077271,1290.05542,1260.818726,1264.28479,5706183865.0
2022-12-10 00:00:00.000000,1264.375488,1279.527954,1262.119873,1266.384155,3282499999.0
2022-12-11 00:00:00.000000,1266.34,1283.59,1257.77,1263.27,288391972.72
2022-12-12 00:00:00.000000,1263.27,1278.74,1240.78,1275.37,534501434.1
2022-12-13 00:00:00.000000,1275.37,1346.51,1256.36,1320.43,786269925.3
2022-12-14 00:00:00.000000,1320.43,1350.33,1302.52,1307.5,926900276.47
2022-12-15 00:00:00.000000,1307.5,1311.34,1260.13,1266.59,768136956.69
2022-12-16 00:00:00.000000,1266.59,1279.37,1158.18,1167.85,1065048194.1
2022-12-17 00:00:00.000000,1167.85,1189.53,1162.32,1187.11,451167227.98
2022-12-18 00:00:00.000000,1188.12854,1194.214478,1176.185791,1184.71521,3350092519.0
2022-12-19 00:00:00.000000,1184.758301,1192.923828,1160.377197,1167.609863,4943628091.0
2022-12-20 00:00:00.000000,1167.68,1228.37,1163.29,1216.96,735691592.34
2022-12-21 00:00:00.000000,1216.96,1220.46,1204.4,1213.84,518496302.18
2022-12-22 00:00:00.000000,1213.84,1230.41,1183.8,1217.51,637447979.92
2022-12-23 00:00:00.000000,1218.079346,1226.998779,1215.994873,1220.159424,4835831923.0
2022-12-24 00:00:00.000000,1219.97,1226.23,1214.24,1220.49,252819741.33
2022-12-25 00:00:00.000000,1220.49,1223.72,1199.6,1218.3,397681859.87
2022-12-26 00:00:00.000000,1218.3,1229.65,1212.89,1227.3,301306741.79
2022-12-27 00:00:00.000000,1226.987061,1230.418091,1205.89563,1212.791626,4091530737.0
2022-12-28 00:00:00.000000,1211.07,1214.55,1182.48,1189.27,596230640.27
2022-12-29 00:00:00.000000,1190.010132,1204.141602,1188.360229,1201.595337,4132233940.0
2022-12-30 00:00:00.000000,1200.06,1201.51,1182.25,1199.12,413969580.77
2022-12-31 00:00:00.000000,1199.12,1207.02,1191.63,1195.0,266114942.31
2023-01-01 00:00:00.000000,1196.713623,1203.475342,1192.885376,1200.964844,2399674550.0
2023-01-02 00:00:00.000000,1201.103271,1219.860596,1195.214966,1214.656616,3765758498.0
2023-01-03 00:00:00.000000,1213.98,1219.35,1205.08,1214.11,392700511.47
2023-01-04 00:00:00.000000,1214.718628,1264.807495,1213.168823,1256.526611,6404416893.0
2023-01-05 00:00:00.000000,1256.484619,1258.571533,1245.173096,1250.438599,4001786456.0
2023-01-06 00:00:00.000000,1250.458984,1273.220337,1240.94751,1269.379028,4977252792.0
2023-01-07 00:00:00.000000,1269.4198,1270.598267,1262.271118,1264.270386,2565213548.0
2023-01-08 00:00:00.000000,1264.181885,1287.359497,1260.226807,1287.359497,3495088905.0
2023-01-09 00:00:00.000000,1287.450806,1342.144165,1286.680786,1321.53894,7990438824.0
2023-01-10 00:00:00.000000,1321.395508,1342.757202,1318.527222,1336.58606,5830173253.0
2023-01-11 00:00:00.000000,1335.42,1393.42,1320.84,1388.95,750208058.14
2023-01-12 00:00:00.000000,1405.35144,1432.28125,1378.422119,1417.938477,12230193038.0
2023-01-13 00:00:00.000000,1416.05,1464.27,1401.0,1451.18,827418332.41
2023-01-14 00:00:00.000000,1451.18,1600.82,1449.52,1550.07,1000747558.84
2023-01-15 00:00:00.000000,1550.07,1566.18,1516.95,1552.71,605354595.73
2023-01-16 00:00:00.000000,1552.519287,1594.039795,1529.573608,1576.833496,8454485431.0
2023-01-17 00:00:00.000000,1577.02,1606.64,1542.73,1565.15,701015677.04
2023-01-18 00:00:00.000000,1567.698975,1602.106689,1509.422852,1515.506958,10354880595.0
2023-01-19 00:00:00.000000,1512.28,1562.61,1509.86,1551.2,750596721.84
2023-01-20 00:00:00.000000,1552.373657,1659.885742,1544.917847,1659.75415,8528894754.0
2023-01-21 00:00:00.000000,1659.706055,1674.179321,1626.812988,1627.118164,8859250310.0
2023-01-22 00:00:00.000000,1627.365967,1658.023438,1612.085693,1628.38208,7517988734.0
2023-01-23 00:00:00.000000,1628.550781,1641.21814,1607.903076,1628.251099,8264507375.0
2023-01-24 00:00:00.000000,1626.47,1641.25,1537.38,1556.12,911498894.01
2023-01-25 00:00:00.000000,1556.807495,1632.241699,1530.797852,1611.71106,10598973448.0
2023-01-26 00:00:00.000000,1611.080933,1626.198242,1586.598145,1603.105957,8395315241.0
2023-01-27 00:00:00.000000,1601.35,1621.71,1553.36,1597.86,781935987.02
2023-01-28 00:00:00.000000,1598.125366,1604.704102,1565.390137,1572.435059,5803653357.0
2023-01-29 00:00:00.000000,1572.46,1658.36,1566.99,1645.46,812096302.45
2023-01-30 00:00:00.000000,1645.46,1647.19,1539.51,1566.49,917935732.64
2023-01-31 00:00:00.000000,1567.419922,1598.517578,1563.804321,1586.5354,6585191019.0
2023-02-01 00:00:00.000000,1586.488159,1644.727539,1566.8573,1641.792725,8116969489.0
2023-02-02 00:00:00.000000,1641.61,1711.99,1630.57,1642.74,980080354.31
2023-02-03 00:00:00.000000,1642.74,1675.35,1628.58,1663.97,704445423.97
2023-02-04 00:00:00.000000,1664.47229,1690.099609,1648.189209,1667.059204,5843302512.0
2023-02-05 00:00:00.000000,1666.89,1673.2,1611.8,1629.8,456219066.62
2023-02-06 00:00:00.000000,1631.645264,1653.715454,1611.319092,1616.24707,6919871886.0
2023-02-07 00:00:00.000000,1614.31,1677.31,1613.44,1671.61,637931660.04
2023-02-08 00:00:00.000000,1671.61,1697.58,1631.15,1650.95,646763538.23
2023-02-09 00:00:00.000000,1650.95,1655.68,1527.63,1545.78,867896690.84
2023-02-10 00:00:00.000000,1545.78,1554.37,1496.52,1513.79,756041189.81
2023-02-11 00:00:00.000000,1513.79,1542.93,1508.54,1538.79,260403379.72
2023-02-12 00:00:00.000000,1538.79,1547.62,1495.57,1515.42,349138047.41
2023-02-13 00:00:00.000000,1515.42,1525.82,1464.59,1506.37,800954432.79
2023-02-14 00:00:00.000000,1506.37,1567.02,1494.06,1556.14,687412621.55
2023-02-15 00:00:00.000000,1556.765137,1674.289795,1545.689697,1673.745972,10015035156.0
2023-02-16 00:00:00.000000,1675.34,1741.06,1634.58,1638.41,1030465375.37
2023-02-17 00:00:00.000000,1640.280151,1716.78186,1636.173828,1694.783325,9802443159.0
2023-02-18 00:00:00.000000,1694.741821,1705.309082,1683.670166,1691.819458,5491437195.0
2023-02-19 00:00:00.000000,1691.680176,1718.947632,1673.906616,1681.436157,6959144003.0
2023-02-20 00:00:00.000000,1682.337036,1716.48938,1659.295044,1702.675171,7703604237.0
2023-02-21 00:00:00.000000,1703.53,1716.4,1637.57,1659.64,659946431.8
2023-02-22 00:00:00.000000,1658.140991,1663.996826,1604.803345,1643.231689,9189387004.0
2023-02-23 00:00:00.000000,1643.28,1678.49,1630.04,1650.59,699286522.36
2023-02-24 00:00:00.000000,1650.895142,1661.091309,1583.147827,1608.373169,8909129423.0
2023-02-25 00:00:00.000000,1608.09,1609.27,1560.74,1594.89,351919078.03
2023-02-26 00:00:00.000000,1594.89,1649.95,1589.21,1641.93,368915540.44
2023-02-27 00:00:00.000000,1641.93,1665.57,1609.81,1633.97,598217352.12
2023-02-28 00:00:00.000000,1633.97,1647.17,1598.53,1605.0,456947652.79
2023-03-01 00:00:00.000000,1606.040405,1663.433716,1601.548584,1663.433716,7701847224.0
2023-03-02 00:00:00.000000,1663.549072,1672.051147,1622.599976,1647.319336,7080950926.0
2023-03-03 00:00:00.000000,1647.557739,1648.475342,1552.451538,1569.167603,9922240199.0
2023-03-04 00:00:00.000000,1569.278076,1575.637207,1551.736816,1566.92395,4389045367.0
2023-03-05 00:00:00.000000,1566.93,1587.47,1555.29,1564.76,277592151.28
2023-03-06 00:00:00.000000,1564.76,1581.84,1555.59,1565.91,384556985.72
2023-03-07 00:00:00.000000,1565.91,1581.82,1536.95,1561.65,539524295.29
2023-03-08 00:00:00.000000,1561.977905,1568.175293,1534.088257,1534.088257,7130327525.0
2023-03-09 00:00:00.000000,1534.031616,1544.108398,1423.264771,1438.660767,9457897583.0
2023-03-10 00:00:00.000000,1438.760132,1438.760132,1378.525391,1429.158081,12665194936.0
2023-03-11 00:00:00.000000,1429.10083,1484.136963,1428.723145,1482.616699,14917080154.0
2023-03-12 00:00:00.000000,1482.431885,1607.152588,1461.610962,1590.292969,11480965122.0
2023-03-13 00:00:00.000000,1591.86,1701.17,1570.93,1680.71,1009058317.0
2023-03-14 00:00:00.000000,1680.295288,1779.917847,1665.902344,1703.50708,16159781303.0
2023-03-15 00:00:00.000000,1705.189941,1721.079224,1616.630371,1656.180542,12715339905.0
2023-03-16 00:00:00.000000,1656.332031,1693.139282,1639.261719,1677.215454,9364980166.0
2023-03-17 00:00:00.000000,1677.296753,1799.343994,1667.131836,1792.485107,12467445117.0
2023-03-18 00:00:00.000000,1793.592407,1840.357544,1751.262817,1761.659668,10317822213.0
2023-03-19 00:00:00.000000,1763.35,1845.39,1762.75,1785.66,607696097.2
2023-03-20 00:00:00.000000,1785.66,1808.06,1729.6,1738.39,799956695.25
2023-03-21 00:00:00.000000,1738.39,1839.07,1724.94,1806.98,712333244.98
2023-03-22 00:00:00.000000,1806.98,1822.98,1716.26,1738.78,764719792.48
2023-03-23 00:00:00.000000,1738.78,1859.48,1733.81,1817.43,686206044.67
2023-03-24 00:00:00.000000,1817.43,1821.83,1729.2,1751.94,630907409.49
2023-03-25 00:00:00.000000,1751.469482,1762.674561,1716.651978,1743.764771,6614309912.0
2023-03-26 00:00:00.000000,1743.78,1799.07,1741.42,1775.76,352102221.17
2023-03-27 00:00:00.000000,1775.76,1781.73,1689.98,1716.29,495106395.7
2023-03-28 00:00:00.000000,1716.29,1794.81,1703.04,1773.6,500712364.6
2023-03-29 00:00:00.000000,1773.6,1825.56,1773.37,1793.38,556581897.53
2023-03-30 00:00:00.000000,1793.38,1828.37,1764.92,1793.89,585790681.35
2023-03-31 00:00:00.000000,1793.620117,1844.677368,1783.142212,1822.022095,9149379763.0
2023-04-01 00:00:00.000000,1821.704346,1840.173096,1811.11853,1813.860596,5556443606.0
2023-04-02 00:00:00.000000,1821.79,1825.84,1774.64,1795.71,212602211.37
2023-04-03 00:00:00.000000,1795.71,1839.66,1764.32,1810.94,594690795.24
2023-04-04 00:00:00.000000,1810.94,1888.06,1803.22,1871.46,670176881.19
2023-04-05 00:00:00.000000,1871.46,1939.99,1865.31,1909.28,664954864.65
2023-04-06 00:00:00.000000,1909.28,1910.51,1856.41,1872.91,440377262.88
2023-04-07 00:00:00.000000,1872.734131,1882.299194,1845.993896,1865.636108,8356130492.0
2023-04-08 00:00:00.000000,1864.89,1880.16,1848.48,1849.91,171404063.71
2023-04-09 00:00:00.000000,1849.91,1874.21,1827.69,1859.73,278524755.74
2023-04-10 00:00:00.000000,1859.73,1918.88,1848.26,1911.14,446407551.48
2023-04-11 00:00:00.000000,1911.14,1937.09,1884.47,1891.5,504305398.27
2023-04-12 00:00:00.000000,1891.949707,1929.881226,1860.036865,1920.682129,11010714187.0
2023-04-13 00:00:00.000000,1917.698364,2022.150146,1901.860352,2012.634644,12546950499.0
2023-04-14 00:00:00.000000,2013.930664,2126.31665,2011.503296,2101.635498,16298099411.0
2023-04-15 00:00:00.000000,2101.73,2111.97,2075.03,2092.41,396180074.82
2023-04-16 00:00:00.000000,2092.281006,2137.445068,2076.832031,2120.005859,7898126856.0
2023-04-17 00:00:00.000000,2120.17,2121.95,2058.85,2075.88,554772213.93
2023-04-18 00:00:00.000000,2075.855225,2121.531494,2057.653809,2104.537354,9134015143.0
2023-04-19 00:00:00.000000,2103.946289,2104.857178,1928.582886,1936.403442,13779745451.0
2023-04-20 00:00:00.000000,1935.92,1981.29,1916.74,1943.43,657577879.08
2023-04-21 00:00:00.000000,1943.43,1956.31,1826.58,1849.09,767020777.78
2023-04-22 00:00:00.000000,1849.286499,1886.781616,1845.849243,1874.228638,6970642726.0
2023-04-23 00:00:00.000000,1874.171509,1882.229736,1838.992432,1862.062012,6607451862.0
2023-04-24 00:00:00.000000,1862.085327,1888.193726,1811.792114,1842.757446,8438191338.0
2023-04-25 00:00:00.000000,1842.55,1877.88,1804.47,1866.52,494254797.08
2023-04-26 00:00:00.000000,1866.148926,1962.567627,1792.463867,1866.564209,14356524696.0
2023-04-27 00:00:00.000000,1866.693237,1936.94519,1863.147949,1908.786377,14008145806.0
2023-04-28 00:00:00.000000,1909.273071,1923.199219,1876.29187,1892.512817,7691759733.0
2023-04-29 00:00:00.000000,1896.05,1920.53,1889.17,1911.23,169819033.56
2023-04-30 00:00:00.000000,1911.23,1939.2,1869.96,1872.4,316695826.29
2023-05-01 00:00:00.000000,1868.891113,1886.206421,1809.193237,1831.954834,8625783201.0
2023-05-02 00:00:00.000000,1831.726563,1879.759521,1824.327026,1870.789307,7536785767.0
2023-05-03 00:00:00.000000,1871.76,1916.17,1844.78,1906.04,438240180.13
2023-05-04 00:00:00.000000,1906.04,1917.18,1868.88,1878.59,314539294.6
2023-05-05 00:00:00.000000,1877.83313,1998.413574,1876.946655,1995.060913,9498261360.0
2023-05-06 00:00:00.000000,1996.13,2018.09,1866.45,1901.94,501429621.42
2023-05-07 00:00:00.000000,1901.94,1938.6,1877.94,1879.47,313882607.91
2023-05-08 00:00:00.000000,1879.47,1893.06,1815.78,1853.94,664714401.47
2023-05-09 00:00:00.000000,1853.94,1863.13,1838.55,1848.91,338236687.64
2023-05-10 00:00:00.000000,1848.91,1888.41,1792.58,1842.62,615019660.03
2023-05-11 00:00:00.000000,1842.62,1843.1,1773.59,1795.51,435960460.99
2023-05-12 00:00:00.000000,1795.51,1816.48,1740.86,1808.28,467334013.56
2023-05-13 00:00:00.000000,1808.375,1816.058472,1788.475586,1796.114868,4647630864.0
2023-05-14 00:00:00.000000,1796.10791,1823.490723,1793.22876,1800.500977,4711210241.0
2023-05-15 00:00:00.000000,1800.371216,1845.695435,1787.536377,1817.549927,6748889346.0
2023-05-16 00:00:00.000000,1816.824219,1830.351563,1797.84375,1824.12146,5595959668.0
2023-05-17 00:00:00.000000,1824.54,1836.15,1784.88,1822.22,295642800.65
2023-05-18 00:00:00.000000,1822.22,1831.69,1772.4,1800.84,261830100.8
2023-05-19 00:00:00.000000,1800.84,1829.37,1797.55,1812.74,199390959.13
2023-05-20 00:00:00.000000,1812.74,1829.55,1807.6,1820.0,117125781.65
2023-05-21 00:00:00.000000,1820.138062,1827.921997,1799.946899,1804.531372,3386768865.0
2023-05-22 00:00:00.000000,1805.38,1828.61,1792.65,1817.83,199800403.15
2023-05-23 00:00:00.000000,1817.781128,1869.343994,1816.287964,1854.380615,6820047160.0
2023-05-24 00:00:00.000000,1854.299683,1854.299683,1780.925537,1800.099976,7101647419.0
2023-05-25 00:00:00.000000,1799.845215,1815.994751,1763.365112,1805.953735,6321689859.0
2023-05-26 00:00:00.000000,1806.04,1838.57,1797.48,1828.68,218981012.22
2023-05-27 00:00:00.000000,1828.68,1836.85,1815.82,1830.98,90250026.95
2023-05-28 00:00:00.000000,1831.098633,1915.723267,1825.467285,1910.914185,6359610561.0
2023-05-29 00:00:00.000000,1909.28,1927.41,1875.5,1893.17,283875868.0
2023-05-30 00:00:00.000000,1893.17,1917.42,1882.96,1901.19,302468580.12
2023-05-31 00:00:00.000000,1901.19,1907.76,1848.86,1874.03,320126617.18
2023-06-01 00:00:00.000000,1874.03,1888.53,1841.67,1862.24,311566762.29
2023-06-02 00:00:00.000000,1862.24,1910.56,1848.47,1907.36,324600206.34
2023-06-03 00:00:00.000000,1907.420776,1908.822266,1885.485474,1892.412476,3472274607.0
2023-06-04 00:00:00.000000,1892.398193,1912.205688,1885.651855,1890.51355,3747042696.0
2023-06-05 00:00:00.000000,1890.37,1891.16,1779.9,1811.47,475161890.31
2023-06-06 00:00:00.000000,1811.47,1897.07,1798.32,1886.35,399470424.17
2023-06-07 00:00:00.000000,1884.372925,1893.809082,1822.303101,1832.395996,7919894455.0
2023-06-08 00:00:00.000000,1832.51355,1861.136108,1830.165039,1846.30188,4536041931.0
2023-06-09 00:00:00.000000,1846.077881,1854.824951,1828.544556,1840.22522,4610831509.0
2023-06-10 00:00:00.000000,1840.391968,1844.785645,1721.443115,1752.384766,10788500406.0
2023-06-11 00:00:00.000000,1752.527588,1776.847168,1741.110474,1753.415283,4559112981.0
2023-06-12 00:00:00.000000,1753.075439,1757.65979,1722.906372,1742.528687,6031384958.0
2023-06-13 00:00:00.000000,1742.390137,1761.955444,1727.749878,1739.037598,6214125203.0
2023-06-14 00:00:00.000000,1739.250122,1749.163208,1637.187744,1650.519287,7462905534.0
2023-06-15 00:00:00.000000,1650.8,1677.32,1622.51,1665.43,371752813.77
2023-06-16 00:00:00.000000,1665.43,1727.38,1650.36,1716.87,248248593.82
2023-06-17 00:00:00.000000,1716.671753,1766.763184,1714.150879,1727.204102,4875187477.0
2023-06-18 00:00:00.000000,1727.193726,1746.509155,1718.11145,1720.577515,3820038842.0
2023-06-19 00:00:00.000000,1720.51,1750.51,1702.53,1736.79,189833856.65
2023-06-20 00:00:00.000000,1736.879761,1793.313965,1715.342529,1792.119995,7171072578.0
2023-06-21 00:00:00.000000,1791.994995,1898.668945,1788.489258,1891.007202,11731457711.0
2023-06-22 00:00:00.000000,1889.61,1932.43,1867.05,1872.42,430137565.01
2023-06-23 00:00:00.000000,1872.540771,1932.531616,1865.192017,1892.862061,8290615074.0
2023-06-24 00:00:00.000000,1893.771973,1905.227417,1867.811523,1876.059692,5026191704.0
2023-06-25 00:00:00.000000,1875.849121,1929.079102,1870.850098,1900.506104,6937581709.0
2023-06-26 00:00:00.000000,1900.050293,1905.360474,1840.215088,1859.432861,8619702292.0
2023-06-27 00:00:00.000000,1859.346191,1911.311157,1856.838379,1889.703369,7686042202.0
2023-06-28 00:00:00.000000,1889.906494,1890.208984,1822.102783,1827.971191,7135265016.0
2023-06-29 00:00:00.000000,1828.059326,1876.530273,1828.059326,1852.227295,5677228612.0
2023-06-30 00:00:00.000000,1852.008423,1945.274292,1831.281006,1933.188965,12895131248.0
2023-07-01 00:00:00.000000,1933.62,1943.98,1909.02,1924.32,170397820.6
2023-07-02 00:00:00.000000,1924.32,1959.65,1886.23,1937.46,259524177.47
2023-07-03 00:00:00.000000,1937.883789,1974.775024,1934.688843,1955.38916,7858509087.0
2023-07-04 00:00:00.000000,1955.81,1966.58,1931.77,1936.37,182921227.93
2023-07-05 00:00:00.000000,1936.37,1942.52,1894.61,1910.36,225539498.22
2023-07-06 00:00:00.000000,1910.417114,1956.012329,1847.850708,1848.636475,8905008384.0
2023-07-07 00:00:00.000000,1846.23,1877.83,1826.76,1870.78,236998422.03
2023-07-08 00:00:00.000000,1871.002075,1872.501587,1844.641724,1865.539551,4299007854.0
2023-07-09 00:00:00.000000,1865.594971,1878.668945,1857.748291,1863.009766,4392863807.0
2023-07-10 00:00:00.000000,1863.240234,1905.460815,1848.777222,1880.556396,6336468234.0
2023-07-11 00:00:00.000000,1880.69,1890.88,1862.62,1878.62,174708055.4
2023-07-12 00:00:00.000000,1878.322021,1901.148438,1865.710083,1872.11377,6379007000.0
2023-07-13 00:00:00.000000,1872.040283,2011.885254,1864.496094,2006.511475,11114853969.0
2023-07-14 00:00:00.000000,2005.686157,2026.204956,1901.361206,1939.347046,10627449471.0
2023-07-15 00:00:00.000000,1939.129639,1946.019165,1928.187378,1931.466553,4380084234.0
2023-07-16 00:00:00.000000,1931.64502,1942.030884,1917.294067,1923.681885,4329306566.0
2023-07-17 00:00:00.000000,1923.31,1936.44,1873.95,1911.56,342329027.22
2023-07-18 00:00:00.000000,1911.56,1917.42,1876.56,1897.76,322922232.52
2023-07-19 00:00:00.000000,1897.76,1921.35,1882.24,1888.8,279760726.89
2023-07-20 00:00:00.000000,1888.8,1928.8,1878.34,1891.77,287230417.85
2023-07-21 00:00:00.000000,1891.77,1905.23,1884.8,1891.92,156384021.65
2023-07-22 00:00:00.000000,1891.92,1897.37,1853.5,1866.58,117565051.78
2023-07-23 00:00:00.000000,1866.094238,1904.483276,1859.568848,1889.19165,4480604100.0
2023-07-24 00:00:00.000000,1888.80957,1889.761963,1836.852417,1850.002075,6344373569.0
2023-07-25 00:00:00.000000,1850.027954,1867.323242,1845.981567,1857.741943,4163381707.0
2023-07-26 00:00:00.000000,1857.696533,1886.974121,1849.43689,1872.159912,5781548155.0
2023-07-27 00:00:00.000000,1871.94,1885.88,1854.75,1860.95,172986040.03
2023-07-28 00:00:00.000000,1860.95,1882.21,1856.42,1874.32,157806868.85
2023-07-29 00:00:00.000000,1874.560425,1885.529297,1870.333862,1881.068848,2497302218.0
2023-07-30 00:00:00.000000,1880.9,1885.32,1849.68,1861.71,132571482.86
2023-07-31 00:00:00.000000,1861.755249,1875.629395,1851.915405,1856.162354,4391613314.0
2023-08-01 00:00:00.000000,1856.01,1874.67,1812.77,1872.96,404099981.78
2023-08-02 00:00:00.000000,1873.46814,1877.511475,1822.348267,1839.089722,6448512422.0
2023-08-03 00:00:00.000000,1839.07,1857.31,1824.39,1834.44,208780805.48
2023-08-04 00:00:00.000000,1834.44,1849.34,1815.23,1827.52,217682208.64
2023-08-05 00:00:00.000000,1827.52,1837.2,1824.73,1834.9,73250862.43
2023-08-06 00:00:00.000000,1834.845215,1836.248901,1824.986694,1827.462036,2963395076.0
2023-08-07 00:00:00.000000,1827.239502,1842.522583,1804.716675,1826.938843,5837881974.0
2023-08-08 00:00:00.000000,1826.93103,1873.847168,1824.430054,1855.807373,5812855406.0
2023-08-09 00:00:00.000000,1855.78,1870.77,1844.53,1854.14,201917130.17
2023-08-10 00:00:00.000000,1854.14,1864.25,1844.49,1850.51,134629659.34
2023-08-11 00:00:00.000000,1850.51,1855.2,1837.1,1847.01,137388777.18
2023-08-12 00:00:00.000000,1847.171997,1852.281006,1845.719238,1848.889893,2291124840.0
2023-08-13 00:00:00.000000,1849.053833,1859.916382,1834.804321,1839.280151,3054625661.0
2023-08-14 00:00:00.000000,1839.07,1854.17,1833.55,1844.02,148596306.79
2023-08-15 00:00:00.000000,1844.164185,1845.547607,1816.325073,1826.932739,4483923893.0
2023-08-16 00:00:00.000000,1827.036377,1829.361206,1798.966675,1805.659058,4976573383.0
2023-08-17 00:00:00.000000,1805.68,1808.11,1538.26,1681.74,586328524.5
2023-08-18 00:00:00.000000,1681.74,1699.0,1641.05,1661.34,408868800.0
2023-08-19 00:00:00.000000,1661.34,1695.56,1653.99,1669.67,142631159.81
2023-08-20 00:00:00.000000,1669.587769,1692.328735,1662.901489,1684.852051,4105056995.0
2023-08-21 00:00:00.000000,1685.38,1687.62,1649.81,1667.37,222346407.69
2023-08-22 00:00:00.000000,1667.37,1669.14,1582.66,1634.23,306952239.8
2023-08-23 00:00:00.000000,1634.23,1700.22,1629.05,1679.23,328759845.74
2023-08-24 00:00:00.000000,1679.23,1682.97,1635.8,1660.46,226405478.01
2023-08-25 00:00:00.000000,1660.46,1675.75,1634.84,1652.94,252242786.57
2023-08-26 00:00:00.000000,1652.94,1654.84,1643.21,1646.3,55624499.94
2023-08-27 00:00:00.000000,1646.271973,1659.26709,1645.902832,1657.513062,2624065031.0
2023-08-28 00:00:00.000000,1657.439819,1659.328735,1627.446777,1652.457397,4855588534.0
2023-08-29 00:00:00.000000,1652.27417,1742.637329,1639.576172,1729.725708,11304916729.0
2023-08-30 00:00:00.000000,1729.38,1730.8,1696.18,1705.51,193154994.53
2023-08-31 00:00:00.000000,1705.51,1725.0,1630.36,1645.67,302646661.02
2023-09-01 00:00:00.000000,1645.581299,1653.531738,1603.03418,1628.491211,6104510092.0
2023-09-02 00:00:00.000000,1628.51,1644.58,1627.58,1636.88,72557044.83
2023-09-03 00:00:00.000000,1636.88,1646.49,1625.26,1635.72,83967516.22
2023-09-04 00:00:00.000000,1635.72,1644.24,1616.39,1629.77,106014643.86
2023-09-05 00:00:00.000000,1629.77,1646.6,1609.17,1633.83,155443741.05
2023-09-06 00:00:00.000000,1633.912109,1656.932739,1611.147705,1632.252319,4987397046.0
2023-09-07 00:00:00.000000,1632.262817,1657.303711,1623.220459,1647.598267,4907290296.0
2023-09-08 00:00:00.000000,1647.807617,1657.136353,1617.796509,1636.137817,4598495496.0
2023-09-09 00:00:00.000000,1636.13,1637.06,1629.53,1635.27,48715977.58
2023-09-10 00:00:00.000000,1635.21167,1635.433105,1604.040527,1616.828857,4339499949.0
2023-09-11 00:00:00.000000,1616.78,1618.59,1531.41,1551.53,350478203.43
2023-09-12 00:00:00.000000,1551.497803,1619.114014,1549.493774,1592.429443,6813819740.0
2023-09-13 00:00:00.000000,1592.892334,1615.050293,1582.217529,1607.988525,4979469106.0
2023-09-14 00:00:00.000000,1607.97,1643.67,1607.51,1627.01,286524359.38
2023-09-15 00:00:00.000000,1627.01,1653.05,1611.89,1641.48,174858821.85
2023-09-16 00:00:00.000000,1641.48,1652.0,1631.94,1634.86,83641957.75
2023-09-17 00:00:00.000000,1634.86,1635.55,1612.65,1622.81,85972165.39
2023-09-18 00:00:00.000000,1622.81,1669.3,1606.15,1637.19,254499442.83
2023-09-19 00:00:00.000000,1637.19,1660.5,1627.21,1643.58,184891179.92
2023-09-20 00:00:00.000000,1643.495361,1649.619141,1610.420776,1622.890625,5156431986.0
2023-09-21 00:00:00.000000,1622.591797,1625.20459,1573.305786,1584.307007,5191732312.0
2023-09-22 00:00:00.000000,1584.04,1602.27,1577.13,1593.13,163522895.05
2023-09-23 00:00:00.000000,1593.213135,1598.001709,1588.328979,1593.857788,2101436678.0
2023-09-24 00:00:00.000000,1593.91,1600.73,1570.95,1580.76,103003077.92
2023-09-25 00:00:00.000000,1580.76,1596.93,1563.59,1588.04,204351095.27
2023-09-26 00:00:00.000000,1588.04,1598.33,1579.84,1593.27,169116251.08
2023-09-27 00:00:00.000000,1593.27,1632.85,1582.93,1597.73,266115436.32
2023-09-28 00:00:00.000000,1597.73,1667.83,1597.1,1652.9,417307877.44
2023-09-29 00:00:00.000000,1652.9,1688.1,1648.4,1667.44,348158317.18
2023-09-30 00:00:00.000000,1667.44,1693.97,1666.36,1670.97,168691450.13
2023-10-01 00:00:00.000000,1670.97,1756.57,1668.69,1733.44,260450967.05
2023-10-02 00:00:00.000000,1733.44,1743.65,1638.79,1662.8,547118665.83
2023-10-03 00:00:00.000000,1662.8,1670.57,1643.9,1656.96,320387316.67
2023-10-04 00:00:00.000000,1656.96,1657.76,1625.61,1646.79,258093521.67
2023-10-05 00:00:00.000000,1647.788208,1654.379028,1609.849976,1611.47644,5403759057.0
2023-10-06 00:00:00.000000,1611.365723,1659.609863,1611.365723,1645.831543,4941208729.0
2023-10-07 00:00:00.000000,1645.810913,1648.183716,1631.158203,1634.51123,2578994988.0
2023-10-08 00:00:00.000000,1634.64,1642.17,1617.5,1633.61,121021981.15
2023-10-09 00:00:00.000000,1633.454834,1635.447876,1553.006958,1579.806641,7020801716.0
2023-10-10 00:00:00.000000,1580.25,1594.87,1551.22,1567.68,254975021.38
2023-10-11 00:00:00.000000,1567.68,1578.37,1545.6,1566.52,294808400.58
2023-10-12 00:00:00.000000,1566.355957,1566.878174,1523.237549,1539.612427,5003930677.0
2023-10-13 00:00:00.000000,1539.432861,1571.75061,1537.921143,1552.089478,4575141511.0
2023-10-14 00:00:00.000000,1552.263794,1560.325073,1545.73877,1555.256836,2429214718.0
2023-10-15 00:00:00.000000,1555.07605,1565.760864,1550.554565,1558.069824,2923337883.0
2023-10-16 00:00:00.000000,1557.99,1640.11,1555.34,1600.09,446574747.49
2023-10-17 00:00:00.000000,1600.09,1601.37,1553.3,1565.4,238856568.1
2023-10-18 00:00:00.000000,1565.4,1585.93,1556.22,1563.66,226187063.01
2023-10-19 00:00:00.000000,1563.66,1575.26,1542.75,1567.55,239202217.14
2023-10-20 00:00:00.000000,1567.55,1631.26,1562.17,1604.86,367271257.58
2023-10-21 00:00:00.000000,1604.822266,1641.241821,1593.447998,1629.304443,4212179634.0
2023-10-22 00:00:00.000000,1629.297729,1667.666626,1623.984741,1663.429932,5248406817.0
2023-10-23 00:00:00.000000,1664.18,1799.36,1658.04,1766.32,780661240.02
2023-10-24 00:00:00.000000,1766.014648,1852.684448,1758.690063,1784.4375,15888690475.0
2023-10-25 00:00:00.000000,1785.2,1817.52,1760.54,1787.67,542177185.66
2023-10-26 00:00:00.000000,1787.67,1865.88,1763.34,1803.72,622443034.73
2023-10-27 00:00:00.000000,1803.72,1804.16,1745.3,1779.98,403162777.61
2023-10-28 00:00:00.000000,1779.98,1803.03,1771.67,1776.59,150723329.54
2023-10-29 00:00:00.000000,1776.59,1811.49,1763.3,1795.69,165219418.28
2023-10-30 00:00:00.000000,1795.69,1830.35,1778.41,1809.85,303881269.37
2023-10-31 00:00:00.000000,1810.131592,1819.972656,1784.567627,1816.458984,6477922747.0
2023-11-01 00:00:00.000000,1815.87207,1858.312866,1786.409546,1847.089722,10628825648.0
2023-11-02 00:00:00.000000,1847.259888,1873.88501,1790.114746,1800.620972,9004197724.0
2023-11-03 00:00:00.000000,1801.34,1835.48,1777.57,1833.71,397766768.21
2023-11-04 00:00:00.000000,1833.71,1870.53,1825.2,1857.23,205289548.49
2023-11-05 00:00:00.000000,1857.23,1913.61,1847.68,1893.28,369431668.22
2023-11-06 00:00:00.000000,1894.0271,1914.582642,1871.973022,1899.837402,8104122602.0
2023-11-07 00:00:00.000000,1901.65,1907.78,1851.17,1886.12,538999159.16
2023-11-08 00:00:00.000000,1887.119019,1904.546265,1874.545654,1889.322388,6751627017.0
2023-11-09 00:00:00.000000,1889.05,2131.61,1883.26,2121.13,1255720592.59
2023-11-10 00:00:00.000000,2121.13,2136.09,2066.23,2078.52,775967652.37
2023-11-11 00:00:00.000000,2078.52,2090.87,2032.5,2053.53,458212190.26
2023-11-12 00:00:00.000000,2053.53,2066.66,2014.15,2045.4,406409439.52
2023-11-13 00:00:00.000000,2045.4,2118.47,2030.13,2054.32,677275855.69
2023-11-14 00:00:00.000000,2054.32,2065.29,1930.94,1979.66,672516247.43
2023-11-15 00:00:00.000000,1979.66,2063.09,1967.9,2059.63,641189379.56
2023-11-16 00:00:00.000000,2059.63,2092.27,1930.36,1961.54,783609970.96
2023-11-17 00:00:00.000000,1961.867554,1990.050537,1910.445435,1961.280762,11881648738.0
2023-11-18 00:00:00.000000,1961.61,1972.15,1918.15,1963.67,243248653.35
2023-11-19 00:00:00.000000,1963.67,2016.3,1944.72,2012.46,280987485.15
2023-11-20 00:00:00.000000,2012.46,2067.57,1995.32,2022.62,706775221.8
2023-11-21 00:00:00.000000,2022.217285,2035.035889,1937.066772,1937.066772,13653500841.0
2023-11-22 00:00:00.000000,1933.58313,2089.51416,1933.162964,2064.425293,13372200584.0
2023-11-23 00:00:00.000000,2063.905518,2088.031982,2041.464233,2062.210693,7828437946.0
2023-11-24 00:00:00.000000,2062.63,2133.82,2059.8,2082.24,576843379.99
2023-11-25 00:00:00.000000,2081.296143,2091.342773,2067.917236,2084.413086,5362623390.0
2023-11-26 00:00:00.000000,2084.06,2095.12,2037.74,2063.01,268817596.0
2023-11-27 00:00:00.000000,2063.01,2071.85,1986.06,2027.67,538765882.42
2023-11-28 00:00:00.000000,2027.67,2075.82,1995.65,2049.1,499177888.15
2023-11-29 00:00:00.000000,2049.186768,2071.994385,2020.756592,2029.929199,8945151861.0
2023-11-30 00:00:00.000000,2029.17,2055.28,2021.3,2052.93,343390100.77
2023-12-01 00:00:00.000000,2052.93,2111.43,2046.0,2088.21,602439017.29
2023-12-02 00:00:00.000000,2088.21,2189.14,2087.29,2165.6,395659097.47
2023-12-03 00:00:00.000000,2165.895752,2213.175781,2151.720947,2193.69165,8278465782.0
2023-12-04 00:00:00.000000,2193.78,2273.89,2192.42,2243.25,861288624.2
2023-12-05 00:00:00.000000,2243.25,2309.38,2189.0,2293.88,844781771.01
2023-12-06 00:00:00.000000,2293.628174,2310.713135,2225.081055,2231.661377,12790612571.0
2023-12-07 00:00:00.000000,2232.96,2383.16,2222.53,2356.77,803734991.96
2023-12-08 00:00:00.000000,2357.169189,2387.514404,2340.92041,2358.731934,12543458699.0
2023-12-09 00:00:00.000000,2358.686035,2401.760498,2331.666016,2341.175293,10613312823.0
2023-12-10 00:00:00.000000,2341.440186,2376.749756,2323.405762,2352.462646,7369608905.0
2023-12-11 00:00:00.000000,2352.496582,2354.914063,2160.358154,2224.578857,17989249470.0
2023-12-12 00:00:00.000000,2224.391113,2242.55127,2166.77002,2202.038086,11391132228.0
2023-12-13 00:00:00.000000,2202.600342,2283.099121,2150.754395,2260.648682,12576395493.0
2023-12-14 00:00:00.000000,2260.72,2332.24,2231.57,2316.03,724615038.72
2023-12-15 00:00:00.000000,2316.110352,2316.892822,2214.263184,2219.337402,10259157898.0
2023-12-16 00:00:00.000000,2220.32,2261.92,2210.47,2227.14,301358311.22
2023-12-17 00:00:00.000000,2226.892578,2244.366455,2195.761719,2196.481201,7410453853.0
2023-12-18 00:00:00.000000,2194.84,2222.91,2115.85,2218.75,595550230.79
2023-12-19 00:00:00.000000,2218.75,2253.93,2135.19,2177.38,627857676.22
2023-12-20 00:00:00.000000,2177.239502,2263.329102,2161.21875,2201.911377,12652290807.0
2023-12-21 00:00:00.000000,2202.03,2279.1,2183.31,2239.88,702166382.68
2023-12-22 00:00:00.000000,2239.598145,2341.94751,2233.532715,2326.524902,16137246310.0
2023-12-23 00:00:00.000000,2326.71582,2332.072021,2270.428955,2309.046387,7995772945.0
2023-12-24 00:00:00.000000,2309.626709,2325.705078,2249.984375,2265.692139,9450799236.0
2023-12-25 00:00:00.000000,2265.42,2304.59,2254.36,2271.75,357468201.78
2023-12-26 00:00:00.000000,2271.75,2275.06,2174.17,2230.94,603300122.32
2023-12-27 00:00:00.000000,2231.393066,2392.608643,2215.140381,2378.73999,14161342927.0
2023-12-28 00:00:00.000000,2380.200684,2445.017578,2338.703857,2347.566162,15660799060.0
2023-12-29 00:00:00.000000,2345.44,2386.68,2256.07,2299.64,827517118.66
2023-12-30 00:00:00.000000,2300.399658,2322.021484,2270.011963,2292.06543,6888195427.0
2023-12-31 00:00:00.000000,2291.65,2319.95,2259.29,2281.36,470583638.73
2024-01-01 00:00:00.000000,2282.870361,2352.327881,2267.018066,2352.327881,6906765990.0
2024-01-02 00:00:00.000000,2352.593506,2431.212402,2348.892334,2355.836426,12910543630.0
2024-01-03 00:00:00.000000,2355.981445,2385.117676,2113.925293,2210.761963,19332933581.0
2024-01-04 00:00:00.000000,2210.529053,2294.608154,2204.865723,2269.038086,11044564896.0
2024-01-05 00:00:00.000000,2269.409424,2276.764648,2209.537109,2268.647217,10860953290.0
2024-01-06 00:00:00.000000,2269.540039,2271.359375,2219.781982,2241.624756,5970741680.0
2024-01-07 00:00:00.000000,2242.012695,2257.12793,2211.5625,2222.865967,6490053615.0
2024-01-08 00:00:00.000000,2222.857666,2358.815674,2171.993652,2333.032715,13830287095.0
2024-01-09 00:00:00.000000,2332.868164,2369.641602,2243.219238,2344.827148,14891130716.0
2024-01-10 00:00:00.000000,2344.923584,2626.976807,2341.943115,2582.103516,29042100476.0
2024-01-11 00:00:00.000000,2584.171631,2687.779053,2567.993652,2619.619141,22575246883.0
2024-01-12 00:00:00.000000,2619.177002,2710.421875,2460.925537,2524.460205,23623839263.0
2024-01-13 00:00:00.000000,2522.933838,2589.079834,2498.594482,2576.5979,12250316867.0
2024-01-14 00:00:00.000000,2578.003662,2578.332275,2470.424316,2472.241211,9405587417.0
2024-01-15 00:00:00.000000,2471.666992,2550.769043,2470.820801,2511.36377,9700630000.0
2024-01-16 00:00:00.000000,2510.627197,2613.566895,2500.003906,2587.691162,11063317095.0
2024-01-17 00:00:00.000000,2587.044678,2592.737061,2508.432861,2528.369385,10441017520.0
2024-01-18 00:00:00.000000,2528.593262,2546.263916,2426.135498,2467.018799,11900028080.0
2024-01-19 00:00:00.000000,2468.688965,2501.305176,2414.710938,2489.498535,11405278376.0
2024-01-20 00:00:00.000000,2489.847656,2489.847656,2456.095703,2469.589111,5297826161.0
2024-01-21 00:00:00.000000,2469.798584,2479.760498,2452.377686,2453.913086,4578471955.0
2024-01-22 00:00:00.000000,2454.987305,2463.447266,2303.502686,2310.826416,13923771728.0
2024-01-23 00:00:00.000000,2310.95166,2348.03125,2167.282471,2240.686035,16182147521.0
2024-01-24 00:00:00.000000,2241.749756,2261.384521,2197.656738,2233.561768,10134722960.0
2024-01-25 00:00:00.000000,2233.969971,2240.380859,2173.686523,2217.710205,9302247037.0
2024-01-26 00:00:00.000000,2217.441895,2280.383789,2196.140137,2267.199707,9975117607.0
2024-01-27 00:00:00.000000,2267.319336,2282.544434,2252.385254,2267.885986,5144367230.0
2024-01-28 00:00:00.000000,2268.192871,2306.898682,2242.683838,2257.20874,7296214994.0
2024-01-29 00:00:00.000000,2256.995361,2320.027344,2237.71167,2317.064209,8948195551.0
2024-01-30 00:00:00.000000,2317.435791,2388.870605,2298.281982,2344.493652,10173440062.0
2024-01-31 00:00:00.000000,2343.558838,2349.611328,2264.443604,2282.544434,10807883277.0
2024-02-01 00:00:00.000000,2282.175293,2309.842529,2243.571777,2303.824707,8895583113.0
2024-02-02 00:00:00.000000,2303.706055,2323.053467,2282.230225,2308.038086,7186143091.0
2024-02-03 00:00:00.000000,2307.980225,2327.346924,2293.538086,2296.03833,4647754021.0
2024-02-04 00:00:00.000000,2296.116943,2309.01123,2272.304932,2289.546143,5438100035.0
2024-02-05 00:00:00.000000,2289.205566,2334.676758,2270.067871,2298.888916,7277068110.0
2024-02-06 00:00:00.000000,2298.955078,2389.826172,2296.788574,2372.201904,9520885493.0
2024-02-07 00:00:00.000000,2372.262695,2442.63623,2353.706055,2423.745117,9660628536.0
2024-02-08 00:00:00.000000,2424.080078,2459.556641,2414.749512,2419.906494,9941841732.0
2024-02-09 00:00:00.000000,2419.773682,2522.724609,2419.362793,2487.515625,13634203177.0
2024-02-10 00:00:00.000000,2487.650391,2516.719727,2475.857666,2501.228271,6474444159.0
2024-02-11 00:00:00.000000,2501.129883,2537.679199,2495.214355,2507.570557,7347245813.0
2024-02-12 00:00:00.000000,2507.578857,2663.842773,2473.812012,2658.115967,13022696866.0
2024-02-13 00:00:00.000000,2659.586182,2686.455078,2599.169434,2642.185303,18271237044.0
2024-02-14 00:00:00.000000,2641.685303,2786.893555,2621.025391,2777.902344,21448973822.0
2024-02-15 00:00:00.000000,2777.601318,2865.845459,2764.010498,2824.378906,23734481937.0
2024-02-16 00:00:00.000000,2825.480713,2858.450439,2760.331055,2803.691406,17057114638.0
2024-02-17 00:00:00.000000,2803.73584,2805.128662,2724.386963,2786.672607,17932379943.0
2024-02-18 00:00:00.000000,2786.709717,2892.843506,2767.913086,2878.998047,23355830478.0
2024-02-19 00:00:00.000000,2881.296875,2983.370605,2860.263672,2943.574707,15163110589.0
2024-02-20 00:00:00.000000,2944.106445,3031.524414,2879.90332,3013.503662,20341598470.0
2024-02-21 00:00:00.000000,3015.65332,3017.19043,2875.418457,2970.355469,18897136867.0
2024-02-22 00:00:00.000000,2969.599854,3030.666016,2907.109375,2971.007324,18058908246.0
2024-02-23 00:00:00.000000,2970.139648,2991.32959,2906.58374,2921.658203,12822717059.0
2024-02-24 00:00:00.000000,2921.962891,3003.195068,2907.700684,2992.385986,10701688842.0
2024-02-25 00:00:00.000000,2992.366699,3117.428955,2984.393066,3112.697266,14620450464.0
2024-02-26 00:00:00.000000,3112.529053,3197.375,3037.95459,3178.993652,17504464351.0
2024-02-27 00:00:00.000000,3178.405029,3287.958008,3167.830566,3244.519287,21090315368.0
2024-02-28 00:00:00.000000,3243.893311,3485.450928,3201.575928,3385.703857,32885894265.0
2024-02-29 00:00:00.000000,3386.802734,3518.969238,3303.905273,3341.919678,28469171094.0
2024-03-01 00:00:00.000000,3341.96582,3452.626221,3341.851074,3435.053955,16880101987.0
2024-03-02 00:00:00.000000,3436.15918,3459.747314,3398.898926,3422.049805,12024340617.0
2024-03-03 00:00:00.000000,3422.875244,3491.168457,3372.214111,3490.993652,13643324467.0
2024-03-04 00:00:00.000000,3489.340088,3641.459229,3446.017578,3630.433838,26772963830.0
2024-03-05 00:00:00.000000,3631.928955,3828.159668,3224.119385,3554.9646,47706899137.0
2024-03-06 00:00:00.000000,3554.067871,3901.434326,3502.80249,3819.226318,34938642613.0
2024-03-07 00:00:00.000000,3818.311035,3939.593994,3738.685303,3874.347656,22457177587.0
2024-03-08 00:00:00.000000,3874.830811,3998.826416,3828.363281,3892.061035,26135487051.0
2024-03-09 00:00:00.000000,3892.119141,3950.396484,3880.658936,3915.418945,11926623780.0
2024-03-10 00:00:00.000000,3915.590576,3968.723633,3800.564453,3881.193115,15783924355.0
2024-03-11 00:00:00.000000,3881.237793,4087.050049,3745.125244,4066.445068,28806262507.0
2024-03-12 00:00:00.000000,4066.69043,4092.28418,3831.889893,3980.273193,26917010932.0
2024-03-13 00:00:00.000000,3980.265137,4083.007324,3936.627197,4006.457031,22028114691.0
2024-03-14 00:00:00.000000,4005.745117,4011.102783,3721.788574,3883.140381,25434810823.0
2024-03-15 00:00:00.000000,3882.856934,3928.775635,3571.774658,3735.220215,33505075433.0
2024-03-16 00:00:00.000000,3736.10498,3780.894531,3468.079346,3522.860107,20199855932.0
2024-03-17 00:00:00.000000,3523.029785,3676.263428,3414.172363,3642.413086,19938757095.0
2024-03-18 00:00:00.000000,3642.298828,3642.49707,3456.091309,3517.985107,21162220224.0
2024-03-19 00:00:00.000000,3518.347656,3546.582275,3149.286865,3157.618164,34166976701.0
2024-03-20 00:00:00.000000,3158.396729,3534.826416,3059.654785,3513.393066,36605316331.0
2024-03-21 00:00:00.000000,3514.017578,3586.905029,3412.222656,3492.991211,22213647922.0
2024-03-22 00:00:00.000000,3492.897949,3541.898193,3254.969238,3333.687988,20574952329.0
2024-03-23 00:00:00.000000,3335.592529,3433.758057,3273.115479,3336.593994,13242137554.0
2024-03-24 00:00:00.000000,3336.666016,3470.344482,3301.277344,3454.636475,12156660941.0
2024-03-25 00:00:00.000000,3454.885742,3657.118896,3421.790527,3590.883789,18603921705.0
2024-03-26 00:00:00.000000,3591.085205,3678.789795,3545.428711,3587.504883,18505553577.0
2024-03-27 00:00:00.000000,3587.313721,3664.383057,3460.393555,3500.115234,18753082145.0
2024-03-28 00:00:00.000000,3500.216064,3609.705322,3465.332275,3561.293945,16419674157.0
2024-03-29 00:00:00.000000,3561.011719,3583.701416,3475.725586,3511.806152,12712701619.0
2024-03-30 00:00:00.000000,3511.827637,3566.084473,3489.9021,3507.944336,9389066783.0
2024-03-31 00:00:00.000000,3507.95166,3655.218994,3507.242676,3647.856445,10499881424.0
2024-04-01 00:00:00.000000,3647.81958,3648.12915,3418.695313,3505.030029,16002098681.0
2024-04-02 00:00:00.000000,3504.818359,3506.962891,3215.985107,3277.234619,22076539151.0
2024-04-03 00:00:00.000000,3277.324219,3368.111572,3205.64917,3311.441895,16010734587.0
2024-04-04 00:00:00.000000,3311.495361,3443.20752,3253.319336,3330.040527,14476330517.0
2024-04-05 00:00:00.000000,3330.005859,3345.666504,3214.244141,3318.885254,15214447092.0
2024-04-06 00:00:00.000000,3318.864746,3397.592529,3308.983398,3354.183838,8956926798.0
2024-04-07 00:00:00.000000,3354.213867,3458.508301,3346.114746,3453.494629,9931108526.0
2024-04-08 00:00:00.000000,3453.498779,3727.616455,3409.511719,3695.292725,19055143129.0
2024-04-09 00:00:00.000000,3695.341797,3724.922363,3455.107666,3505.16333,18279773833.0
2024-04-10 00:00:00.000000,3505.156006,3561.516357,3415.18042,3543.737061,16872482726.0
2024-04-11 00:00:00.000000,3543.452148,3616.194336,3477.171143,3505.247803,14076734489.0
2024-04-12 00:00:00.000000,3505.329834,3552.589111,3103.430176,3243.034912,22104869556.0
2024-04-13 00:00:00.000000,3242.940918,3299.663818,2862.393555,3004.900391,29930408174.0
2024-04-14 00:00:00.000000,3005.547607,3174.666504,2914.422852,3156.941895,25486284994.0
2024-04-15 00:00:00.000000,3156.830078,3277.561523,3026.538818,3101.600342,21925843181.0
2024-04-16 00:00:00.000000,3101.140625,3127.160889,2997.754639,3084.920166,19441391169.0
2024-04-17 00:00:00.000000,3084.923584,3123.669678,2918.553711,2984.727539,17711869375.0
2024-04-18 00:00:00.000000,2984.705322,3094.842041,2956.127441,3066.027588,15183777035.0
2024-04-19 00:00:00.000000,3065.953125,3127.11499,2868.795898,3059.278564,20399982867.0
2024-04-20 00:00:00.000000,3059.478027,3170.672852,3021.784912,3157.627197,9918642130.0
2024-04-21 00:00:00.000000,3157.571045,3197.506348,3119.552002,3147.288574,9394387894.0
2024-04-22 00:00:00.000000,3147.663574,3236.65918,3131.367432,3201.6521,12063858733.0
2024-04-23 00:00:00.000000,3201.588623,3264.419434,3154.589844,3219.911621,11054442653.0
2024-04-24 00:00:00.000000,3219.957031,3292.921631,3105.982178,3139.805176,14000234760.0
2024-04-25 00:00:00.000000,3139.624268,3190.976318,3074.804688,3156.509521,13989030260.0
2024-04-26 00:00:00.000000,3156.384033,3166.188721,3103.104004,3130.164795,10622333862.0
2024-04-27 00:00:00.000000,3129.727051,3279.451172,3071.340088,3252.168213,11820785577.0
2024-04-28 00:00:00.000000,3252.245605,3351.176514,3249.14917,3262.774658,11379192678.0
2024-04-29 00:00:00.000000,3262.34082,3285.46875,3116.199951,3215.428955,15032246816.0
2024-04-30 00:00:00.000000,3215.381104,3249.378418,2918.22876,3012.286865,18266894653.0
2024-05-01 00:00:00.000000,3011.015625,3020.17334,2815.92334,2969.784668,20005057445.0
2024-05-02 00:00:00.000000,2969.794434,3015.050293,2894.329834,2988.168457,13163903903.0
2024-05-03 00:00:00.000000,2988.134521,3127.155273,2960.182129,3103.541992,12862183229.0
2024-05-04 00:00:00.000000,3103.619629,3167.54126,3096.267578,3117.576416,8283229638.0
2024-05-05 00:00:00.000000,3117.636963,3170.055176,3075.586182,3137.249023,8783447639.0
2024-05-06 00:00:00.000000,3137.510254,3220.152344,3048.238525,3062.72876,13008587255.0
2024-05-07 00:00:00.000000,3062.750977,3129.081299,3003.013672,3006.577148,11743187337.0
2024-05-08 00:00:00.000000,3006.315674,3037.196045,2938.472656,2973.657227,11791662158.0
2024-05-09 00:00:00.000000,2973.97168,3057.958252,2951.223877,3036.020508,10861947179.0
2024-05-10 00:00:00.000000,3036.231201,3052.729492,2881.000732,2909.79126,12278653601.0
2024-05-11 00:00:00.000000,2909.845459,2942.178711,2888.083252,2911.602051,6795916454.0
2024-05-12 00:00:00.000000,2911.658203,2953.047363,2902.201904,2928.701904,5908941395.0
2024-05-13 00:00:00.000000,2928.813965,2994.869141,2865.134521,2949.359619,13352264795.0
2024-05-14 00:00:00.000000,2949.213135,2959.546631,2863.545898,2881.157959,12444516140.0
2024-05-15 00:00:00.000000,2881.224609,3041.602295,2864.735352,3037.056641,14666902956.0
2024-05-16 00:00:00.000000,3036.01416,3041.807129,2925.087402,2945.131104,13035465176.0
2024-05-17 00:00:00.000000,2945.136963,3120.301758,2934.112549,3094.118652,14449438097.0
2024-05-18 00:00:00.000000,3094.553467,3146.790527,3087.704346,3122.948975,9407051320.0
2024-05-19 00:00:00.000000,3122.824707,3137.148438,3056.754395,3071.843018,8747800800.0
2024-05-20 00:00:00.000000,3071.858887,3690.805908,3050.297852,3663.855469,31228143948.0
2024-05-21 00:00:00.000000,3663.01123,3837.372803,3628.096436,3789.312744,37643853967.0
2024-05-22 00:00:00.000000,3789.372803,3810.948486,3655.075195,3737.217773,25155809461.0
2024-05-23 00:00:00.000000,3737.178467,3943.553955,3552.642578,3776.927246,45623656317.0
2024-05-24 00:00:00.000000,3776.992432,3825.122559,3631.990234,3726.93457,22257061429.0
2024-05-25 00:00:00.000000,3726.975586,3776.006592,3710.52832,3749.236572,10000027764.0
2024-05-26 00:00:00.000000,3749.179932,3879.470703,3732.022949,3825.897461,14650794791.0
2024-05-27 00:00:00.000000,3826.127197,3973.556396,3821.93042,3892.006836,18949181813.0
2024-05-28 00:00:00.000000,3892.096924,3924.895752,3771.213867,3840.256348,19846044324.0
2024-05-29 00:00:00.000000,3840.235107,3880.648438,3742.04126,3763.196533,17411416736.0
2024-05-30 00:00:00.000000,3763.357666,3823.643311,3702.263672,3746.849609,15065849797.0
2024-05-31 00:00:00.000000,3746.861572,3843.857666,3723.835205,3760.026611,15290700646.0
2024-06-01 00:00:00.000000,3759.884277,3829.294678,3749.840088,3813.198975,8661024535.0
2024-06-02 00:00:00.000000,3813.275635,3834.911865,3752.414551,3780.895996,11126903059.0
2024-06-03 00:00:00.000000,3780.854248,3848.603027,3758.919922,3766.38916,14082454300.0
2024-06-04 00:00:00.000000,3766.476318,3831.36499,3738.134277,3812.515869,13331489271.0
2024-06-05 00:00:00.000000,3812.560791,3887.48584,3778.655762,3864.260986,15480034434.0
2024-06-06 00:00:00.000000,3864.263428,3878.052246,3761.775391,3811.605957,13606583873.0
2024-06-07 00:00:00.000000,3811.666016,3838.452148,3615.280273,3678.62915,18220286186.0
2024-06-08 00:00:00.000000,3677.400391,3707.497314,3669.637939,3680.949951,9096091805.0
2024-06-09 00:00:00.000000,3680.936035,3719.367676,3668.123535,3705.903809,7910768788.0
2024-06-10 00:00:00.000000,3705.877197,3711.428711,3648.164551,3666.717529,10377300126.0
2024-06-11 00:00:00.000000,3666.358887,3669.890869,3434.749023,3498.330566,19184721538.0
2024-06-12 00:00:00.000000,3497.896973,3652.492188,3463.784912,3559.617676,17142905351.0
2024-06-13 00:00:00.000000,3559.725342,3559.725342,3431.333496,3469.28125,14472382154.0
2024-06-14 00:00:00.000000,3467.969971,3528.602295,3366.223877,3480.271973,15793876596.0
2024-06-15 00:00:00.000000,3479.785645,3589.887451,3473.452637,3565.549561,12733651076.0
2024-06-16 00:00:00.000000,3566.761963,3648.093018,3541.534424,3620.563477,9878388158.0
2024-06-17 00:00:00.000000,3622.383545,3634.2854,3468.148926,3511.378906,17838856988.0
2024-06-18 00:00:00.000000,3510.565186,3514.177246,3371.590332,3483.681396,21022514455.0
2024-06-19 00:00:00.000000,3482.35083,3583.320068,3466.480957,3559.347412,15275373778.0
2024-06-20 00:00:00.000000,3559.347412,3623.886475,3485.459961,3511.086914,16115123753.0
2024-06-21 00:00:00.000000,3511.268311,3542.957275,3447.935547,3516.075684,15933353456.0
2024-06-22 00:00:00.000000,3516.55127,3519.497559,3477.169922,3494.813477,7423703673.0
2024-06-23 00:00:00.000000,3494.953857,3519.324951,3408.583008,3418.611816,9418141333.0
2024-06-24 00:00:00.000000,3418.783203,3430.698975,3244.241455,3350.256348,23137744903.0
2024-06-25 00:00:00.000000,3350.555664,3422.213379,3335.556885,3395.029053,13235546063.0
2024-06-26 00:00:00.000000,3394.373291,3421.509521,3328.390625,3369.477295,11694054195.0
2024-06-27 00:00:00.000000,3368.88623,3470.923096,3362.264648,3444.800537,11771834016.0
2024-06-28 00:00:00.000000,3445.498779,3482.95752,3363.4375,3373.635986,12861158844.0
2024-06-29 00:00:00.000000,3373.689941,3401.730225,3369.552734,3372.967773,6584792001.0
2024-06-30 00:00:00.000000,3373.075684,3453.211426,3352.284424,3432.88916,8396416013.0
2024-07-13 21:12:43.462085,3373.075684,3453.211426,3352.284424,3162.495,8396416013.0
